length_chars,length_tokens,num_distinct_tokens,num_capital_chars,num_capital_tokens,num_free,num_digits,label
28,7,7,1,0,0,0,ham
31,5,5,1,0,0,0,ham
42,8,8,2,0,0,0,ham
76,15,15,3,0,0,0,ham
22,5,5,1,0,0,0,ham
54,10,10,2,0,0,0,ham
160,41,35,4,0,0,2,ham
131,28,25,95,25,0,2,ham
54,12,12,2,0,0,0,ham
40,7,7,1,0,0,0,ham
35,9,9,1,0,0,0,ham
150,33,29,5,1,0,0,ham
60,11,11,1,0,0,0,ham
32,6,6,1,0,0,0,ham
29,6,6,1,0,0,0,ham
7,1,1,1,0,0,0,ham
139,26,25,4,1,0,22,spam
54,12,12,1,0,0,0,ham
46,9,9,2,0,0,0,ham
24,5,5,2,0,0,0,ham
40,9,9,3,0,0,0,ham
126,21,21,4,0,0,0,ham
33,6,6,2,0,0,0,ham
147,28,26,3,0,0,0,ham
155,27,26,7,0,0,16,spam
21,4,4,1,0,0,0,ham
59,12,12,1,0,0,0,ham
77,18,17,3,0,0,0,ham
37,6,6,1,0,0,0,ham
58,12,11,2,0,0,0,ham
58,11,11,2,0,0,0,ham
44,10,10,1,0,0,0,ham
588,119,82,53,4,0,2,ham
23,5,5,3,0,0,0,ham
47,11,11,2,0,0,1,ham
45,9,9,1,0,0,0,ham
150,30,29,4,0,0,0,ham
31,7,7,1,0,0,0,ham
57,9,9,1,0,0,0,ham
142,28,27,3,0,0,0,ham
2,1,1,1,0,0,0,ham
106,19,17,6,0,0,11,spam
25,5,5,1,0,0,0,ham
113,25,21,3,0,0,0,ham
36,8,7,2,0,0,0,ham
111,19,15,4,0,0,0,ham
102,20,20,4,0,0,0,ham
133,29,26,2,0,0,0,ham
150,28,24,11,2,1,18,spam
40,7,7,1,0,0,0,ham
157,27,26,4,0,0,17,spam
22,6,6,1,0,0,1,ham
139,30,28,14,3,3,7,spam
40,8,7,1,0,0,0,ham
52,12,12,3,0,0,0,ham
444,83,66,44,1,0,11,ham
68,13,11,3,0,0,0,ham
52,11,11,2,0,0,1,ham
105,18,18,2,0,0,0,ham
64,11,11,1,0,0,0,ham
77,19,18,3,0,0,0,ham
99,22,17,5,1,0,0,ham
75,16,16,3,0,0,0,ham
33,7,7,1,0,0,0,ham
156,25,25,26,2,0,3,ham
22,5,5,1,0,0,0,ham
77,18,17,2,0,0,0,ham
66,15,14,2,0,0,0,ham
36,7,7,1,0,0,0,ham
160,23,21,13,1,1,18,spam
124,26,23,2,0,0,0,ham
39,10,10,1,0,0,0,ham
134,27,25,2,0,0,0,ham
24,5,5,1,0,0,0,ham
27,5,5,1,0,0,0,ham
73,15,14,2,0,0,0,ham
130,30,28,5,1,0,2,ham
27,6,6,1,0,0,0,ham
137,30,26,15,3,1,2,spam
35,8,8,1,0,0,0,ham
106,16,15,7,0,0,13,spam
44,10,10,1,0,0,1,ham
89,17,13,2,0,0,0,ham
82,17,13,2,0,0,2,ham
141,25,24,3,0,0,0,spam
36,8,7,1,0,0,0,ham
93,20,20,3,0,0,1,ham
59,13,13,2,0,0,0,ham
65,13,12,1,0,0,0,ham
95,22,17,3,0,0,0,ham
27,7,7,2,0,0,0,ham
113,22,20,5,0,0,0,ham
32,7,7,1,0,0,0,ham
38,6,6,1,0,0,0,ham
66,13,12,2,0,0,0,ham
58,15,14,7,1,0,0,ham
62,12,12,2,0,0,0,ham
50,9,9,1,0,0,1,ham
37,7,7,1,0,0,0,ham
156,31,27,11,1,0,1,ham
54,10,9,2,0,0,0,ham
37,8,8,1,0,0,0,ham
24,6,6,2,0,0,0,ham
23,5,5,1,0,0,0,ham
58,12,10,2,0,0,0,ham
114,17,17,10,0,1,1,spam
115,18,18,8,1,0,16,spam
75,12,12,2,0,0,0,ham
158,33,30,18,2,1,19,spam
32,7,7,1,0,0,0,ham
29,7,7,2,0,0,0,ham
40,8,8,1,0,0,0,ham
29,6,6,1,0,0,0,ham
54,10,10,2,0,0,0,ham
153,32,28,9,2,0,19,spam
47,8,8,1,0,0,1,ham
132,29,26,2,0,0,0,ham
59,12,11,2,0,0,1,ham
25,6,6,1,0,0,0,ham
18,4,4,1,0,0,0,ham
145,25,24,25,4,0,22,spam
74,17,17,2,0,0,0,ham
32,6,6,1,0,0,0,ham
49,12,12,2,0,0,0,ham
172,28,25,9,1,0,0,ham
26,5,5,1,0,0,0,ham
26,5,5,1,0,0,0,ham
31,8,8,1,0,0,0,ham
51,9,9,3,0,0,0,ham
80,16,15,2,0,0,0,ham
23,3,3,1,0,0,0,ham
33,6,6,1,0,0,0,ham
78,15,15,4,0,0,0,ham
22,4,4,1,0,0,0,ham
6,2,2,1,0,0,0,ham
56,15,14,39,11,0,1,ham
65,16,16,2,0,0,0,ham
126,26,24,2,0,0,0,ham
159,29,28,22,2,0,23,spam
69,12,12,1,0,0,0,ham
152,30,29,8,0,0,14,spam
37,9,8,1,0,0,0,ham
31,6,5,1,0,0,0,ham
151,30,29,48,10,0,23,spam
163,34,27,47,11,0,0,ham
156,30,29,12,2,1,6,spam
119,22,22,16,2,0,0,ham
38,10,9,1,0,0,0,ham
122,25,23,1,0,0,0,ham
32,7,7,1,0,0,0,ham
32,9,8,1,0,0,0,ham
48,12,11,1,0,0,0,ham
37,8,8,1,0,0,0,ham
75,18,16,1,0,0,0,ham
42,10,10,1,0,0,0,ham
27,6,6,2,0,0,0,ham
82,14,14,6,0,0,0,ham
111,20,19,26,5,0,32,spam
22,4,4,2,0,0,0,ham
28,6,6,1,0,0,0,ham
25,6,6,1,0,0,0,ham
121,28,24,2,0,0,0,ham
31,6,6,2,0,0,0,ham
50,12,12,2,0,0,0,ham
82,17,15,1,0,0,0,ham
44,10,10,2,0,0,0,ham
161,32,28,7,0,0,20,spam
47,11,11,1,0,0,0,ham
140,36,31,3,0,0,1,ham
47,11,9,2,0,0,0,ham
52,11,10,1,0,0,0,ham
23,5,5,1,0,0,0,ham
51,13,13,1,0,0,1,ham
59,11,11,1,0,0,0,ham
9,2,2,1,0,0,0,ham
60,14,14,6,1,0,0,ham
33,7,7,1,0,0,0,ham
281,65,41,6,0,0,9,ham
34,8,7,2,0,0,0,ham
26,6,6,1,0,0,0,ham
39,8,8,1,0,0,0,ham
134,25,25,6,0,0,0,ham
66,15,15,1,0,0,0,ham
28,7,7,1,0,0,0,ham
46,8,8,2,0,0,0,ham
27,6,6,1,0,0,0,ham
21,4,4,1,0,0,0,ham
50,11,10,1,0,0,0,ham
26,6,6,1,0,0,0,ham
40,7,7,2,0,0,0,ham
43,9,9,1,0,0,0,ham
39,8,8,1,0,0,0,ham
29,8,8,1,0,0,0,ham
158,35,29,6,0,0,0,ham
48,10,9,1,0,0,0,ham
131,23,21,2,0,0,0,ham
162,27,27,29,3,0,26,spam
160,33,29,4,0,0,0,ham
50,11,11,1,0,0,1,ham
32,7,7,1,0,0,0,ham
161,30,28,24,2,0,21,spam
322,62,52,26,3,0,6,ham
73,14,13,4,1,0,6,spam
11,2,2,1,0,0,0,ham
66,15,15,2,0,0,0,ham
145,25,24,25,4,0,22,spam
21,5,5,1,0,1,0,ham
30,5,5,2,0,0,0,ham
76,17,16,3,0,0,0,ham
27,7,6,1,0,0,0,ham
100,20,20,0,0,0,15,spam
56,11,11,2,0,0,0,ham
46,9,9,2,0,0,0,ham
155,26,25,4,0,0,0,ham
17,4,4,0,0,0,2,ham
78,18,16,2,0,0,1,ham
51,12,12,1,0,0,0,ham
109,21,19,2,0,0,0,ham
153,30,25,20,2,0,8,ham
160,30,28,16,0,0,0,ham
52,11,11,2,0,0,0,ham
133,27,24,6,2,1,26,spam
109,18,18,7,1,1,19,spam
112,26,23,4,0,0,0,ham
50,10,9,2,0,0,0,ham
28,6,6,1,0,0,0,ham
43,10,10,2,0,0,0,ham
31,7,7,1,0,0,0,ham
13,3,3,1,0,0,0,ham
5,1,1,1,0,0,0,ham
137,23,22,22,4,0,26,spam
36,8,8,2,0,0,0,ham
145,27,25,14,3,0,28,spam
37,9,9,1,0,0,1,ham
37,7,7,1,0,0,0,ham
28,8,8,1,0,0,0,ham
146,27,25,12,3,0,28,spam
149,27,26,13,2,0,22,spam
23,3,3,1,0,0,0,ham
88,17,17,4,0,0,0,ham
101,18,17,3,0,0,0,ham
181,33,32,4,0,0,1,spam
31,6,6,1,0,0,0,ham
45,10,10,2,0,0,0,ham
149,25,25,23,2,0,34,spam
30,8,8,2,0,0,0,ham
80,18,18,2,0,0,0,ham
23,5,5,1,0,0,0,ham
38,9,9,1,0,0,0,ham
49,10,10,3,0,0,0,ham
161,29,28,25,1,0,18,spam
102,17,17,18,3,2,0,spam
90,17,16,1,0,0,0,ham
49,9,9,1,0,0,0,ham
86,21,17,6,0,0,2,ham
29,8,7,2,0,0,0,ham
84,17,17,1,0,0,0,ham
111,20,20,3,0,0,0,ham
106,26,21,4,0,0,0,ham
62,13,13,1,0,0,0,ham
72,16,16,2,0,0,0,ham
136,29,25,25,6,0,21,spam
142,29,29,4,0,0,1,ham
56,12,12,3,0,0,0,ham
158,29,26,2,0,0,0,ham
140,24,24,8,1,1,4,spam
87,18,18,2,0,0,1,ham
79,21,18,1,0,0,0,ham
53,11,11,1,0,0,0,ham
245,57,39,5,0,0,0,ham
87,17,15,1,0,0,0,ham
24,4,4,1,0,0,0,ham
35,7,7,2,0,0,0,ham
19,4,4,1,0,0,0,ham
29,7,7,1,0,0,0,ham
38,8,8,1,0,0,0,ham
114,23,23,9,1,0,0,ham
67,13,13,2,0,0,3,ham
17,4,4,1,0,0,0,ham
46,8,8,1,0,0,0,ham
51,12,11,3,0,0,0,ham
37,8,8,2,0,0,0,ham
140,27,25,3,0,0,0,ham
72,15,15,2,0,0,0,ham
32,7,7,1,0,0,0,ham
42,11,11,3,0,0,0,ham
155,33,32,17,1,0,21,spam
139,31,24,23,5,1,20,spam
45,8,8,1,0,0,0,ham
77,15,11,2,0,0,0,ham
120,22,22,2,0,0,0,ham
160,28,26,35,6,2,14,spam
41,8,8,1,0,1,0,ham
32,5,5,1,0,0,0,ham
30,8,8,1,0,0,0,ham
143,25,25,5,0,0,12,spam
40,7,7,1,0,0,0,ham
39,9,9,1,0,0,0,ham
22,5,5,1,0,0,0,ham
51,10,9,1,0,0,0,ham
22,5,5,1,0,0,0,ham
142,31,25,12,1,0,3,ham
90,15,15,7,1,0,14,spam
35,5,5,1,0,0,0,ham
63,12,12,1,0,0,0,ham
76,17,15,4,1,0,0,ham
49,12,12,1,0,0,0,ham
41,10,10,0,0,0,0,ham
46,10,10,2,0,0,0,ham
153,29,27,1,0,0,0,ham
145,25,25,20,2,0,0,ham
110,24,23,4,0,0,0,ham
57,13,13,1,0,0,0,ham
54,11,11,2,0,0,0,ham
38,8,8,2,0,0,0,ham
24,5,5,1,0,0,0,ham
71,14,13,2,0,0,0,ham
72,16,14,3,0,0,0,ham
276,57,48,7,0,0,0,ham
68,12,11,3,0,0,0,ham
31,5,5,1,0,0,0,ham
161,29,29,18,2,0,3,spam
58,12,12,7,1,0,0,ham
142,29,25,4,0,0,0,ham
73,13,9,1,0,0,0,ham
36,9,9,2,0,0,0,ham
45,10,9,1,0,0,0,ham
129,27,19,3,0,0,0,ham
28,8,8,2,0,0,0,ham
47,10,9,3,0,0,0,ham
54,10,10,3,0,0,0,ham
22,5,5,1,0,0,0,ham
61,11,11,2,0,0,0,ham
152,33,24,5,0,0,0,ham
43,9,9,2,0,1,0,ham
69,14,14,5,1,0,0,ham
44,7,7,2,0,0,0,ham
60,10,10,2,0,0,0,ham
126,26,24,17,1,1,0,ham
160,27,26,62,8,0,17,spam
44,10,10,2,0,1,0,ham
54,11,10,1,0,0,0,ham
154,29,27,14,1,2,13,spam
110,23,20,4,0,0,0,ham
157,28,27,3,0,1,0,spam
34,8,8,2,0,0,1,ham
152,28,28,18,3,0,27,spam
82,14,14,2,0,0,0,ham
30,5,5,3,0,0,0,ham
36,9,9,1,0,0,2,ham
23,6,6,1,0,0,0,ham
38,6,6,4,0,0,0,ham
7,1,1,1,0,0,0,ham
151,28,25,5,0,0,12,spam
64,12,12,2,0,0,0,ham
27,7,7,1,0,0,0,ham
160,36,26,8,0,0,0,ham
32,7,6,2,0,0,0,ham
55,13,13,2,0,0,0,ham
53,10,10,4,0,0,0,ham
44,11,11,2,0,0,2,ham
194,42,36,4,0,0,0,ham
61,12,11,2,0,0,1,ham
160,30,28,12,0,0,19,spam
25,6,6,3,1,0,0,ham
28,6,6,1,0,0,0,ham
31,6,6,1,0,0,0,ham
33,7,7,1,0,0,0,ham
131,21,13,10,1,0,0,ham
24,5,5,1,0,0,0,ham
54,10,10,2,0,0,0,ham
42,10,10,2,0,0,0,ham
46,10,10,1,0,0,0,ham
121,27,24,88,22,0,2,ham
161,31,30,25,1,0,21,spam
48,11,11,1,0,0,1,ham
112,19,19,1,0,0,13,spam
33,7,7,2,0,0,0,ham
44,10,8,1,0,0,0,ham
38,9,9,2,0,0,0,ham
56,12,12,2,0,0,0,ham
195,40,32,1,0,0,0,ham
132,25,23,4,0,0,0,ham
29,5,5,1,0,0,0,ham
37,4,4,1,0,0,0,ham
281,65,41,6,0,0,9,ham
26,5,5,1,0,0,0,ham
152,28,27,8,2,1,20,spam
24,4,4,1,0,0,0,ham
39,9,8,2,0,0,0,ham
14,3,3,2,0,0,1,ham
143,28,28,25,4,0,20,spam
78,19,18,2,0,0,0,ham
89,23,22,66,21,0,0,ham
84,17,16,2,0,0,0,ham
134,20,20,28,4,0,0,ham
149,25,22,3,0,0,0,ham
98,20,20,3,0,0,0,ham
159,29,29,25,3,1,12,spam
3,1,1,1,0,0,0,ham
22,5,5,2,0,0,0,ham
28,6,6,1,0,0,0,ham
38,7,5,1,0,0,0,ham
42,8,8,3,0,0,0,ham
70,15,15,4,0,0,8,ham
30,6,6,1,0,0,0,ham
27,6,5,1,0,0,0,ham
41,10,10,2,0,0,1,ham
74,15,15,1,0,0,0,ham
24,6,6,1,0,0,0,ham
59,10,10,3,0,0,0,ham
5,1,1,1,0,0,0,ham
51,11,11,2,0,0,0,ham
27,5,5,2,0,0,0,ham
46,8,7,2,0,0,1,ham
41,7,7,1,0,0,0,ham
36,8,7,1,0,0,0,ham
57,12,12,1,0,0,1,ham
42,8,8,2,0,0,0,ham
85,18,17,2,0,0,0,ham
24,5,5,1,0,0,0,ham
32,8,8,1,0,0,0,ham
42,8,8,1,0,0,0,ham
58,13,13,0,0,0,0,ham
23,6,6,1,0,0,0,ham
159,23,21,24,2,1,19,spam
135,29,27,4,0,0,0,ham
18,4,4,2,0,1,0,ham
51,13,10,1,0,0,0,ham
104,22,18,3,0,0,0,ham
74,16,16,4,0,0,0,ham
26,4,4,1,0,0,0,ham
43,10,9,1,0,0,0,ham
90,17,17,17,2,0,21,spam
36,6,6,1,0,0,0,ham
40,8,7,2,0,0,0,ham
61,12,12,2,0,0,0,ham
42,10,10,2,0,0,0,ham
125,23,22,5,0,0,0,ham
166,29,28,3,0,0,22,spam
76,15,14,2,0,0,0,ham
39,9,9,1,0,0,0,ham
107,27,25,1,0,0,1,ham
57,15,15,2,0,0,1,ham
26,6,6,2,0,0,0,ham
45,10,8,1,0,0,0,ham
22,5,5,2,0,0,0,ham
204,47,35,1,0,0,0,ham
160,31,30,28,2,0,23,spam
94,22,20,5,0,0,0,ham
62,11,11,1,0,0,0,ham
23,5,5,1,0,0,0,ham
47,9,9,1,0,0,0,ham
37,9,9,2,0,0,1,ham
22,5,5,1,0,0,1,ham
55,12,12,2,0,0,0,ham
42,10,8,2,0,0,0,ham
91,18,15,1,0,0,0,ham
71,18,17,7,1,0,0,ham
82,16,16,1,0,0,0,ham
141,32,26,2,0,0,0,ham
107,22,19,3,0,0,2,ham
104,19,19,1,0,0,0,ham
61,14,13,2,0,0,0,ham
156,30,25,12,0,0,7,spam
160,33,31,16,3,0,23,spam
134,29,28,21,3,0,18,spam
158,29,25,4,0,0,0,ham
160,33,30,5,0,0,1,ham
38,8,8,1,0,0,0,ham
22,5,5,1,0,0,0,ham
73,18,18,1,0,0,1,ham
9,2,2,1,0,0,0,ham
61,13,13,2,0,0,0,ham
42,8,8,9,2,0,4,spam
148,27,21,14,1,0,0,ham
25,5,5,6,1,0,0,ham
109,23,20,12,3,0,8,spam
136,26,26,11,0,0,9,ham
119,24,23,31,6,1,11,spam
23,5,5,1,0,0,0,ham
29,6,6,1,0,0,1,ham
60,12,12,43,9,0,0,ham
22,4,4,1,0,0,0,ham
47,8,8,1,0,0,0,ham
110,21,18,5,0,0,0,ham
94,21,18,1,0,0,0,ham
42,9,9,1,0,0,0,ham
79,17,17,2,0,0,0,ham
5,1,1,1,0,0,0,ham
88,17,16,3,0,0,0,ham
81,14,14,1,0,0,1,spam
46,11,11,2,0,0,1,ham
67,15,15,2,0,0,0,ham
25,6,6,1,0,0,0,ham
67,15,10,10,1,0,0,ham
106,16,15,7,0,0,13,spam
127,28,26,10,2,0,24,spam
123,22,20,5,0,0,0,ham
74,17,15,2,0,0,0,ham
40,11,9,4,0,0,0,ham
22,3,3,2,0,0,0,ham
41,7,7,2,0,0,0,ham
67,14,14,2,0,0,0,ham
43,9,9,1,0,0,0,ham
33,6,6,1,0,0,0,ham
22,6,6,1,0,0,1,ham
34,7,7,1,0,0,0,ham
120,27,24,3,0,0,1,ham
33,7,7,2,0,0,0,ham
139,32,29,3,0,0,1,ham
76,14,14,1,0,0,0,ham
145,28,25,5,1,0,24,spam
327,74,59,5,0,0,0,ham
157,35,34,114,30,0,3,ham
114,23,20,3,0,0,0,ham
65,14,14,2,0,0,0,ham
67,14,13,1,0,0,0,ham
140,29,29,27,4,1,12,spam
44,11,10,2,0,0,0,ham
25,5,5,1,0,0,0,ham
12,3,3,1,0,0,1,ham
65,12,12,2,0,0,0,ham
76,16,14,2,0,0,0,ham
96,23,18,2,0,0,0,ham
27,6,6,1,0,0,0,ham
33,7,7,1,0,0,0,ham
156,38,33,115,32,0,1,ham
28,5,5,1,0,0,0,ham
145,29,25,1,0,0,0,ham
72,15,14,2,0,0,1,ham
96,23,17,4,0,0,0,ham
63,14,14,3,0,0,0,ham
29,7,7,1,0,0,0,ham
42,8,8,1,0,0,0,ham
139,25,25,18,2,0,18,spam
39,9,9,1,0,0,0,ham
108,24,24,3,0,0,1,ham
48,10,9,1,0,0,0,ham
58,11,11,2,0,0,0,ham
183,30,25,10,1,0,22,spam
34,9,9,1,0,0,0,ham
37,8,8,0,0,0,0,ham
30,7,7,1,0,0,0,ham
126,26,23,4,0,0,0,ham
124,26,23,12,2,0,23,spam
158,32,28,36,6,0,0,ham
143,27,24,5,0,0,0,ham
28,6,6,1,0,0,0,ham
37,9,9,1,0,0,0,ham
87,19,16,1,0,0,0,ham
40,8,8,8,1,0,0,ham
136,28,26,17,3,0,22,spam
27,6,6,1,0,0,0,ham
96,20,17,12,1,0,0,ham
69,14,14,2,0,0,0,ham
24,5,5,1,0,0,0,ham
53,11,11,1,0,0,0,ham
64,14,14,1,0,0,0,ham
34,8,8,1,0,0,0,ham
158,28,26,25,4,3,24,spam
125,23,22,26,2,0,14,spam
62,13,13,46,9,0,0,ham
102,23,23,2,0,0,1,ham
65,12,12,2,0,0,1,ham
22,5,5,1,0,0,0,ham
26,5,5,1,0,0,0,ham
143,25,21,4,0,0,0,ham
47,9,9,3,0,0,0,ham
122,28,28,4,0,0,2,ham
30,6,6,2,0,0,0,ham
154,31,30,5,0,2,14,spam
30,6,6,1,0,0,0,ham
54,12,11,42,12,0,0,ham
73,14,14,1,0,0,0,ham
73,15,14,8,2,0,0,ham
133,29,27,1,0,0,9,ham
160,33,24,10,0,0,0,ham
157,25,24,4,0,0,16,spam
137,29,29,14,2,0,8,spam
149,31,29,11,0,0,3,spam
29,7,7,1,0,0,0,ham
49,12,12,1,0,0,0,ham
45,11,10,3,0,0,0,ham
111,23,23,15,2,0,8,spam
27,7,7,1,0,0,0,ham
46,8,8,1,0,0,0,ham
32,5,5,1,0,0,0,ham
141,22,22,7,0,0,13,spam
116,23,22,5,0,0,0,ham
117,24,22,4,0,0,0,ham
44,10,10,1,0,0,0,ham
23,6,6,2,0,0,0,ham
73,18,17,1,0,0,0,ham
43,9,9,2,0,0,0,ham
43,8,8,1,0,0,0,ham
34,6,6,2,0,0,0,ham
37,7,7,1,0,0,0,ham
68,14,14,2,0,0,0,ham
93,24,23,66,19,0,3,ham
159,33,33,26,3,0,23,spam
157,37,22,5,0,0,0,ham
28,6,6,1,0,0,0,ham
160,35,29,4,0,0,0,ham
128,20,19,17,3,0,1,ham
85,19,17,1,0,0,0,ham
153,30,25,18,0,0,3,spam
94,19,18,2,0,1,0,ham
137,25,25,16,2,0,17,spam
45,10,10,8,1,0,0,ham
95,17,13,2,0,0,0,ham
126,26,25,10,1,1,0,ham
160,31,31,19,1,0,3,spam
105,20,20,3,0,0,0,ham
148,24,24,17,1,0,40,spam
68,12,12,2,0,0,0,ham
82,16,16,4,1,0,0,ham
154,32,26,6,0,0,0,ham
44,9,9,1,0,0,0,ham
78,14,13,2,0,0,2,ham
121,26,24,4,0,0,0,ham
34,5,5,2,0,0,0,ham
144,33,32,12,0,0,10,spam
39,6,6,4,0,0,0,ham
106,22,20,2,0,0,0,ham
25,6,6,12,0,0,0,ham
15,4,4,1,0,1,0,ham
39,8,8,1,0,0,0,ham
26,5,5,1,0,0,0,ham
30,8,8,2,0,0,0,ham
73,14,14,1,0,0,0,ham
27,5,5,1,0,0,0,ham
61,12,11,1,0,0,0,ham
40,10,9,1,0,0,0,ham
151,33,32,1,0,0,0,ham
117,23,20,4,0,0,0,ham
87,19,18,3,0,0,0,ham
140,26,23,0,0,0,17,spam
174,28,19,28,5,0,0,ham
32,9,9,1,0,0,0,ham
126,26,24,2,0,0,0,ham
68,11,11,2,0,0,0,ham
76,15,13,2,0,0,0,ham
23,6,6,1,0,0,0,ham
98,17,16,3,0,0,0,ham
58,13,12,2,0,0,1,ham
95,21,21,2,0,0,0,ham
28,6,6,1,0,0,0,ham
68,16,15,52,14,0,0,ham
96,21,20,2,0,0,1,ham
269,53,43,8,0,0,2,ham
31,9,8,1,0,0,1,ham
159,31,26,3,0,0,23,spam
43,10,10,1,0,0,1,ham
40,6,6,0,0,0,0,ham
31,9,8,1,0,0,1,ham
40,9,9,1,0,0,0,ham
146,28,25,2,0,0,20,spam
49,10,9,1,0,0,0,ham
81,15,15,1,0,0,0,ham
52,10,10,2,0,0,0,ham
49,9,9,2,0,0,0,ham
29,6,6,1,0,0,0,ham
163,27,27,35,5,0,6,spam
80,15,14,1,0,0,0,ham
38,7,7,1,0,0,0,ham
34,7,7,1,0,0,0,ham
45,7,6,2,0,0,0,ham
49,11,11,2,0,0,0,ham
98,21,16,2,0,0,0,ham
22,7,7,0,0,0,0,ham
71,17,15,1,0,0,2,ham
159,39,29,5,0,0,0,ham
28,7,7,1,0,0,0,ham
159,31,30,30,6,0,27,spam
60,12,12,2,0,0,0,ham
38,9,9,1,0,0,0,ham
143,35,28,3,0,0,1,ham
23,5,5,1,0,0,0,ham
163,28,28,99,22,0,29,spam
74,14,14,3,0,0,0,ham
46,10,9,1,0,0,0,ham
89,14,14,5,0,0,0,ham
48,8,8,39,8,0,0,ham
41,9,9,1,0,0,0,ham
287,60,50,4,0,0,0,ham
149,33,31,2,0,0,0,ham
48,9,9,3,0,0,0,ham
33,7,7,1,0,0,0,ham
134,23,21,26,3,0,8,spam
25,4,4,1,0,0,0,ham
32,6,6,1,0,0,0,ham
177,32,28,8,1,0,21,spam
51,10,10,0,0,0,0,ham
45,10,10,1,0,0,0,ham
20,5,5,1,0,0,0,ham
166,42,36,2,0,0,3,ham
88,18,16,3,0,0,0,ham
41,11,11,1,0,0,2,ham
141,26,20,19,1,0,1,ham
71,13,13,4,0,0,0,ham
138,31,27,4,0,0,0,ham
104,19,19,1,0,0,0,ham
64,13,13,0,0,0,0,ham
147,29,26,2,0,0,0,ham
26,5,5,1,0,0,0,ham
140,34,31,94,25,0,1,ham
101,23,22,2,0,0,0,ham
18,3,3,1,0,0,0,ham
11,1,1,1,0,0,0,ham
37,7,7,1,0,0,0,ham
8,2,2,1,0,0,0,ham
160,29,29,12,1,1,24,spam
158,31,29,33,4,2,9,spam
154,29,28,20,4,0,2,spam
124,23,21,3,0,0,0,ham
63,13,12,2,0,0,0,ham
151,29,27,7,1,0,0,ham
148,35,33,0,0,0,1,ham
38,8,8,1,0,0,0,ham
33,7,7,3,0,0,0,ham
98,19,18,3,0,0,0,ham
35,7,7,2,0,0,0,ham
28,6,6,1,0,0,0,ham
237,48,42,6,0,0,0,ham
105,17,15,7,1,0,5,spam
165,32,29,8,0,0,0,ham
33,6,6,1,0,0,0,ham
154,30,30,29,4,0,31,spam
135,26,24,8,0,0,8,spam
43,7,7,1,0,0,1,ham
126,20,18,2,0,0,0,ham
29,7,7,1,0,0,0,ham
47,9,9,3,1,0,0,ham
136,29,28,6,1,0,0,spam
23,5,5,1,0,0,0,ham
56,12,12,1,0,0,0,ham
47,9,9,1,0,0,0,ham
25,5,5,1,0,0,0,ham
96,25,22,3,0,0,1,ham
41,8,8,1,0,0,0,ham
48,12,12,1,0,1,1,ham
104,21,21,3,0,0,0,ham
23,5,5,2,0,0,0,ham
71,14,13,3,0,0,0,ham
56,11,11,2,0,0,0,ham
84,19,17,3,0,0,0,ham
154,27,27,30,6,0,25,spam
52,10,10,1,0,0,0,ham
153,25,25,19,2,0,24,spam
125,27,27,6,0,0,2,ham
64,14,13,3,0,0,0,ham
129,27,21,6,0,0,0,ham
23,6,5,1,0,0,0,ham
37,8,8,1,0,0,0,ham
67,13,13,1,0,0,0,ham
375,72,56,15,1,0,1,ham
145,28,25,5,1,0,24,spam
34,6,6,5,1,0,0,ham
91,17,16,3,0,0,0,ham
84,17,17,4,0,0,0,ham
157,31,27,2,0,0,1,ham
23,4,4,1,0,0,0,ham
60,14,12,5,0,0,0,ham
31,6,6,1,0,0,0,ham
31,6,6,0,0,0,0,ham
154,27,23,28,2,0,19,spam
125,16,16,14,2,0,0,ham
136,28,26,17,3,0,22,spam
53,10,10,3,0,0,0,ham
85,18,18,2,0,0,0,ham
24,5,5,1,0,0,0,ham
159,25,25,15,4,0,0,ham
76,17,17,2,0,0,2,ham
99,17,16,1,0,0,0,ham
141,22,22,24,3,0,24,spam
161,33,29,9,1,0,21,spam
70,15,15,2,0,0,0,ham
45,9,9,3,0,0,0,ham
99,24,20,3,0,0,0,ham
37,8,8,28,7,0,0,ham
51,10,9,1,0,0,0,ham
138,28,27,4,0,1,4,ham
96,20,19,1,0,0,0,ham
28,5,5,1,0,0,0,ham
24,5,5,2,0,0,0,ham
80,18,18,2,0,0,0,ham
24,3,3,1,0,0,0,ham
29,7,7,1,0,0,1,ham
150,34,30,4,0,0,2,ham
113,19,19,3,0,0,0,ham
84,15,15,1,0,0,0,ham
40,9,9,1,0,0,0,ham
87,20,17,2,0,0,1,ham
26,6,6,1,0,1,0,ham
47,10,9,2,0,0,0,ham
22,5,5,2,0,0,0,ham
45,10,10,1,0,0,0,ham
39,6,6,1,0,0,0,ham
77,14,14,3,0,0,0,ham
14,2,2,2,0,0,0,ham
35,6,6,3,0,1,0,ham
65,12,12,1,0,0,0,ham
46,11,10,2,0,0,0,ham
53,10,10,1,0,0,0,ham
23,4,4,1,0,0,0,ham
22,5,5,1,0,0,0,ham
143,27,24,4,0,0,0,ham
58,12,12,1,0,0,0,ham
22,4,4,1,0,0,0,ham
143,27,25,5,0,0,0,ham
112,23,23,8,1,0,0,spam
31,7,7,2,0,0,0,ham
38,7,7,2,0,0,1,ham
52,12,12,2,0,0,0,ham
30,7,7,1,0,0,0,ham
152,35,29,20,3,0,2,spam
69,16,16,4,0,0,0,ham
48,11,10,2,0,0,0,ham
77,13,12,2,0,0,0,ham
31,6,6,1,0,0,0,ham
34,9,7,1,0,0,0,ham
158,34,32,21,2,2,17,spam
102,17,16,2,0,0,0,ham
157,28,28,23,2,0,18,spam
98,20,19,1,0,0,0,ham
67,15,14,2,0,0,0,ham
26,5,5,2,0,0,0,ham
153,30,25,20,2,0,8,ham
24,6,6,3,0,0,0,ham
140,29,26,2,0,0,0,ham
29,5,5,1,0,0,0,ham
151,31,29,18,2,1,16,spam
100,22,22,1,0,1,0,ham
41,8,8,1,0,0,0,ham
46,11,11,1,0,0,0,ham
64,15,14,4,0,0,0,ham
150,29,29,3,0,0,1,ham
30,6,6,1,0,0,0,ham
60,11,11,2,0,0,0,ham
78,17,16,3,0,0,11,spam
70,16,16,1,0,0,0,ham
29,6,6,1,0,0,0,ham
91,20,19,3,0,0,2,ham
22,5,5,2,0,0,0,ham
26,7,7,3,0,0,0,ham
63,13,10,2,0,0,0,ham
160,26,23,10,0,0,1,ham
50,10,10,10,2,0,0,ham
154,35,29,11,0,0,0,ham
26,6,6,1,0,0,0,ham
33,8,8,2,0,0,0,ham
73,14,13,1,0,0,0,ham
37,10,10,1,0,0,0,ham
22,5,5,2,0,0,0,ham
25,5,5,1,0,0,0,ham
39,7,7,1,0,0,0,ham
31,6,6,1,0,0,0,ham
111,21,19,2,0,0,0,ham
160,33,31,5,0,0,0,ham
28,6,6,1,0,0,0,ham
61,12,11,2,0,0,0,ham
153,26,25,3,0,0,0,spam
23,6,6,1,0,0,0,ham
22,5,5,2,0,0,0,ham
125,22,20,11,2,1,5,spam
149,29,25,4,0,0,0,ham
121,27,21,4,0,0,0,ham
155,27,26,10,1,0,8,spam
37,8,8,1,0,0,0,ham
45,9,9,2,0,0,0,ham
92,17,17,1,0,0,1,ham
70,15,15,3,0,0,0,ham
27,5,5,1,0,0,0,ham
35,8,8,2,0,0,0,ham
43,8,8,1,0,0,0,ham
31,8,8,1,0,0,2,ham
30,5,5,1,0,0,0,ham
118,22,19,4,0,0,0,ham
68,14,14,3,0,0,3,ham
28,6,6,1,0,0,0,ham
36,7,7,1,0,0,0,ham
142,28,20,10,0,0,0,ham
30,9,8,3,0,0,0,ham
120,24,23,13,3,1,17,spam
44,8,8,2,0,0,1,ham
80,17,17,1,0,0,0,ham
127,24,23,13,2,0,24,spam
44,10,10,2,0,0,0,ham
26,5,5,2,0,0,0,ham
66,18,16,2,0,0,0,ham
28,6,6,1,0,0,0,ham
69,16,14,1,0,0,1,ham
43,11,11,2,0,0,0,ham
158,29,28,9,0,0,17,spam
46,11,11,3,0,0,0,ham
153,35,32,34,6,0,0,ham
53,9,9,1,0,0,0,ham
36,8,8,1,0,0,0,ham
50,10,10,2,0,0,0,ham
60,15,14,2,0,0,0,ham
50,12,12,2,0,0,0,ham
158,26,25,8,0,3,21,spam
52,9,9,2,0,0,0,ham
81,16,16,2,0,0,0,ham
26,6,6,1,0,0,0,ham
154,29,27,23,1,0,18,spam
66,12,12,1,0,0,0,ham
48,8,8,1,0,0,0,ham
27,7,7,1,0,0,0,ham
25,6,6,2,0,0,0,ham
161,29,29,18,2,0,3,spam
35,8,8,1,0,0,0,ham
147,30,26,4,0,0,0,ham
137,28,25,4,0,0,0,ham
159,25,25,15,4,0,0,ham
27,5,5,1,0,0,0,ham
36,6,6,2,0,0,0,ham
198,36,34,6,0,0,0,ham
26,5,5,1,0,0,0,ham
33,7,7,1,0,0,1,ham
142,24,21,3,0,0,0,ham
91,13,13,12,1,0,0,ham
45,9,9,1,0,0,1,ham
133,29,27,3,0,0,1,ham
20,4,4,1,0,0,0,ham
121,24,21,16,3,0,0,ham
18,4,4,1,0,0,0,ham
64,15,13,0,0,0,0,ham
52,12,12,2,0,0,0,ham
125,30,29,2,0,0,3,ham
71,15,14,4,0,0,0,ham
150,23,23,24,3,0,27,spam
320,52,46,11,0,0,10,ham
61,16,15,3,0,0,0,ham
127,24,21,4,0,0,0,ham
28,5,5,2,0,0,0,ham
49,11,11,2,0,0,2,ham
23,6,6,1,0,0,0,ham
103,21,20,2,0,0,0,ham
73,16,15,2,0,0,0,ham
120,23,22,4,0,0,0,ham
103,22,22,3,0,0,2,ham
45,10,8,1,0,0,0,ham
61,11,11,2,0,0,0,ham
87,19,18,4,0,0,0,ham
85,18,18,2,0,0,1,ham
48,8,8,2,0,0,12,spam
39,8,8,1,0,0,0,ham
55,13,11,1,0,0,0,ham
159,29,28,28,6,0,14,spam
26,6,6,1,0,0,0,ham
55,10,10,1,0,0,0,ham
134,23,23,9,1,1,5,spam
112,22,21,3,0,0,0,ham
15,4,4,1,0,0,0,ham
40,9,9,1,0,0,0,ham
33,9,9,2,0,0,0,ham
139,34,30,5,0,0,1,ham
22,6,6,1,0,0,0,ham
88,18,17,1,0,0,1,ham
37,8,6,4,0,0,0,ham
41,10,10,1,0,0,0,ham
156,30,26,4,0,0,0,ham
38,9,9,1,0,0,0,ham
381,83,54,11,1,0,0,ham
76,16,15,3,0,0,0,ham
36,7,7,1,0,0,0,ham
90,19,19,2,0,0,0,ham
143,27,25,21,3,0,5,spam
4,2,2,1,0,0,1,ham
26,7,7,0,0,0,0,ham
142,27,26,10,1,0,0,ham
54,11,11,1,0,0,0,ham
34,7,7,1,0,0,0,ham
92,19,18,1,0,0,0,ham
41,8,8,1,0,0,0,ham
25,6,6,1,0,0,0,ham
32,6,6,1,0,0,0,ham
34,7,7,1,0,0,1,ham
52,9,9,2,0,0,4,ham
72,16,16,2,0,0,0,ham
125,27,27,2,0,1,0,ham
136,31,27,98,23,0,2,ham
68,14,14,1,0,0,0,ham
78,14,14,2,0,0,0,ham
9,2,2,7,2,0,0,ham
48,8,8,1,0,0,0,ham
163,27,26,26,3,0,47,spam
120,22,22,24,3,0,0,spam
45,8,8,1,0,0,0,ham
46,9,9,1,0,0,0,ham
28,8,8,2,0,0,0,ham
141,27,26,8,0,0,5,ham
154,30,29,1,0,0,0,ham
47,11,11,1,0,0,0,ham
76,18,17,2,0,0,0,ham
28,5,5,2,0,0,0,ham
39,8,8,1,0,0,0,ham
34,8,7,3,0,0,0,ham
51,10,9,2,0,0,0,ham
25,6,6,1,0,0,1,ham
174,28,19,28,5,0,0,ham
159,29,27,30,4,0,29,spam
115,25,22,3,0,0,1,ham
64,15,15,1,0,0,0,ham
66,16,15,2,0,0,0,ham
161,30,30,12,1,0,24,spam
66,17,15,2,0,0,3,ham
22,5,5,2,0,0,0,ham
59,12,12,2,0,0,1,ham
138,28,27,2,0,0,0,ham
110,23,22,3,0,0,0,ham
299,56,43,11,1,0,0,ham
112,24,23,77,19,0,3,ham
33,8,8,1,0,0,0,ham
121,25,24,6,0,0,4,ham
33,4,4,2,0,0,0,ham
24,5,5,1,0,0,0,ham
197,31,29,8,0,0,16,spam
163,28,24,3,0,0,0,ham
35,9,9,1,0,0,1,ham
89,20,17,4,0,0,0,ham
45,8,8,1,0,0,0,ham
82,20,15,1,0,0,2,ham
276,62,28,33,4,0,0,ham
15,4,4,1,0,0,0,ham
115,25,20,4,0,0,0,ham
149,31,29,11,0,0,3,spam
26,5,5,1,0,0,0,ham
30,6,6,2,0,0,0,ham
230,45,41,5,0,0,0,ham
54,9,9,3,0,0,0,ham
109,24,20,3,0,0,0,ham
139,26,25,4,1,0,22,spam
38,6,6,1,0,0,0,ham
26,7,7,1,0,0,0,ham
71,15,14,2,0,0,0,ham
46,11,10,2,0,0,0,ham
37,9,8,3,0,0,0,ham
61,13,13,2,0,0,0,ham
51,9,9,2,0,0,0,ham
146,33,29,1,0,0,1,ham
43,9,9,1,0,0,1,ham
215,44,38,7,0,0,0,ham
45,11,11,2,0,0,0,ham
107,25,24,2,0,0,0,ham
159,27,25,14,1,2,13,spam
101,19,18,5,0,0,0,ham
51,10,10,1,0,0,0,ham
30,7,7,1,0,0,0,ham
152,29,27,15,2,1,23,spam
151,21,20,18,1,1,18,spam
67,14,13,3,0,0,0,ham
41,8,8,2,0,0,1,ham
157,29,26,1,0,0,1,ham
146,28,27,18,3,0,5,spam
22,5,5,2,0,0,0,ham
18,4,4,14,3,0,0,ham
86,18,16,3,0,0,0,ham
100,21,18,3,0,0,1,ham
156,31,28,3,0,0,0,ham
49,9,9,1,0,0,0,ham
102,15,15,1,0,0,0,ham
125,30,24,4,0,0,1,ham
164,34,30,3,0,0,3,ham
74,17,17,2,0,0,0,ham
37,6,6,1,0,0,16,spam
49,12,12,1,0,0,0,ham
38,8,8,2,0,0,0,ham
160,27,27,22,3,0,14,spam
35,7,7,1,0,0,0,ham
69,13,13,3,0,0,0,ham
39,7,7,1,0,0,0,ham
147,27,27,23,2,0,23,spam
64,13,13,12,2,0,2,spam
74,19,18,2,0,0,1,ham
94,20,16,4,0,0,0,ham
29,7,7,1,0,0,1,ham
141,23,23,15,2,0,2,spam
38,8,7,1,0,0,0,ham
49,10,10,2,0,0,0,ham
49,10,10,37,8,0,2,ham
77,19,17,2,0,0,2,ham
45,9,9,1,0,0,0,ham
64,17,16,1,0,0,1,ham
39,4,4,1,0,0,0,ham
90,20,18,2,0,0,0,ham
26,8,8,1,0,0,0,ham
36,9,9,1,0,0,0,ham
113,22,20,5,0,0,0,ham
30,7,7,2,0,0,1,ham
33,7,7,2,0,0,0,ham
154,31,23,5,0,0,0,ham
78,16,15,3,0,0,0,ham
78,15,15,2,0,0,0,ham
56,15,14,2,0,0,0,ham
47,8,8,1,0,0,0,ham
32,7,7,1,0,0,0,ham
120,21,19,8,1,1,12,spam
117,25,19,86,17,0,0,ham
26,5,5,1,0,0,0,ham
166,33,32,3,0,0,0,ham
35,7,7,1,0,0,0,ham
37,7,7,1,0,0,0,ham
67,15,13,1,0,0,0,ham
47,9,9,2,0,0,0,ham
23,5,5,2,0,0,0,ham
65,17,14,4,0,0,0,ham
156,28,20,14,0,0,1,ham
31,8,8,2,0,0,1,ham
66,11,11,0,0,0,0,ham
37,9,8,1,0,0,0,ham
36,8,7,1,0,0,0,ham
156,27,25,22,3,3,20,spam
180,33,28,6,0,0,0,ham
67,13,13,3,0,0,1,ham
131,29,26,35,7,3,13,spam
48,11,11,2,0,0,0,ham
81,16,16,1,0,0,0,ham
26,4,4,1,0,0,0,ham
93,18,16,2,0,0,0,ham
129,28,26,3,0,0,0,ham
74,14,14,2,0,1,14,spam
149,32,22,7,0,0,0,ham
24,5,5,1,0,0,0,ham
108,24,22,5,0,0,0,ham
111,20,20,7,0,0,5,spam
74,14,14,3,0,0,0,ham
24,7,7,2,0,0,0,ham
132,27,24,5,1,0,12,spam
19,3,3,2,0,0,0,ham
50,12,12,2,0,0,0,ham
111,22,21,3,0,0,0,ham
49,10,10,1,0,0,0,ham
23,4,4,1,0,0,0,ham
36,8,8,1,0,0,0,ham
84,15,15,2,0,0,0,ham
149,26,25,10,0,0,14,spam
82,18,17,2,0,0,0,ham
54,9,9,2,0,0,0,ham
96,23,18,2,0,0,0,ham
33,9,9,1,0,0,0,ham
159,32,30,22,3,1,13,spam
156,31,27,11,1,0,1,ham
155,31,29,7,0,0,6,spam
101,26,23,1,0,0,0,ham
34,9,9,1,0,0,0,ham
329,61,51,6,0,0,0,ham
37,9,9,2,0,0,0,ham
133,28,24,15,0,0,8,spam
132,21,21,4,0,0,14,spam
47,7,7,1,0,0,0,ham
44,9,9,1,0,0,0,ham
43,9,9,3,0,0,0,ham
83,15,15,13,3,1,0,spam
149,33,20,1,0,0,1,ham
24,5,5,1,0,0,0,ham
49,10,10,2,0,0,2,ham
51,10,10,2,0,0,0,ham
22,5,5,2,0,0,0,ham
43,9,9,2,0,0,0,ham
39,10,10,1,0,0,0,ham
136,23,23,17,1,0,29,spam
110,21,20,4,0,0,0,ham
52,13,13,2,0,0,2,ham
58,12,12,1,0,0,0,ham
52,11,11,1,0,0,0,ham
42,9,9,4,0,0,0,ham
14,3,3,1,0,0,0,ham
18,2,2,0,0,0,5,spam
148,30,26,14,3,0,10,spam
117,23,21,4,0,0,0,ham
16,2,2,2,0,0,0,ham
159,29,29,23,2,0,19,spam
46,11,10,1,0,0,0,ham
144,25,21,0,0,0,0,ham
73,12,12,1,0,0,0,ham
90,19,19,2,0,0,0,ham
22,6,5,1,0,0,0,ham
38,7,6,2,0,0,0,ham
113,25,23,3,0,0,0,ham
86,16,15,2,0,0,0,ham
140,25,24,8,0,0,17,spam
29,6,6,1,0,0,0,ham
27,4,4,23,4,0,0,ham
89,17,16,3,0,0,0,ham
57,15,12,41,9,0,2,ham
124,24,20,1,0,0,0,ham
97,20,19,12,1,0,24,spam
42,8,8,1,0,0,0,ham
10,3,3,1,0,0,0,ham
28,7,7,1,0,0,0,ham
143,27,27,20,4,0,31,spam
32,7,7,2,0,0,0,ham
35,8,8,1,0,0,0,ham
29,6,6,1,0,0,0,ham
40,8,8,1,0,0,0,ham
120,29,25,84,20,0,3,ham
117,22,21,2,0,0,0,ham
159,31,27,4,0,0,1,ham
338,70,58,4,0,0,1,ham
22,5,5,1,0,0,0,ham
97,19,17,3,0,0,0,ham
158,26,23,127,25,0,0,ham
26,6,6,1,0,0,0,ham
33,9,9,1,0,0,0,ham
85,17,15,3,0,0,0,ham
89,18,18,5,0,0,1,ham
147,25,25,20,3,0,24,spam
23,6,6,1,0,0,0,ham
302,63,49,11,1,0,3,ham
136,26,26,11,0,0,9,ham
64,15,14,2,0,0,1,ham
25,3,3,1,0,0,0,ham
64,12,12,8,1,0,0,ham
24,4,4,4,0,0,0,ham
34,8,8,2,0,0,0,ham
82,17,13,3,0,0,0,ham
278,55,38,22,2,0,1,ham
137,26,26,5,0,0,0,ham
47,9,9,3,0,0,0,ham
89,17,17,3,0,0,0,ham
78,16,16,2,0,0,4,ham
36,7,7,1,0,0,0,ham
73,12,11,3,0,0,0,ham
120,22,20,19,3,0,19,spam
59,12,12,1,0,0,0,ham
144,24,24,21,2,0,24,spam
43,9,9,1,0,0,0,ham
32,8,7,1,0,1,0,ham
55,13,12,2,0,0,0,ham
83,20,20,3,0,0,0,ham
22,5,5,2,0,0,0,ham
29,8,8,1,0,0,1,ham
101,19,16,9,0,0,17,spam
31,6,6,1,0,0,0,ham
30,7,7,1,0,0,0,ham
46,9,9,2,0,0,2,ham
27,6,6,1,0,0,0,ham
156,35,30,5,0,0,15,spam
28,7,7,1,0,0,0,ham
45,11,11,2,0,0,0,ham
243,53,39,4,0,0,0,ham
148,29,24,5,0,0,0,ham
55,10,10,2,0,0,0,ham
126,20,17,1,0,0,0,ham
153,26,23,9,0,0,1,ham
47,9,9,2,0,0,0,ham
153,29,27,6,0,0,15,spam
126,28,28,14,2,0,8,spam
33,7,7,1,0,0,0,ham
148,33,26,5,0,0,0,ham
44,11,11,2,0,0,0,ham
62,12,12,2,0,0,0,ham
144,24,24,21,2,0,24,spam
8,1,1,1,0,0,0,ham
17,4,4,1,0,0,0,ham
51,10,10,4,0,0,0,ham
27,7,7,2,0,0,0,ham
32,6,6,25,6,0,0,ham
111,16,16,6,1,0,23,spam
152,29,28,17,2,0,21,spam
7,1,1,1,0,0,0,ham
24,5,5,1,0,0,0,ham
127,25,23,3,0,0,0,ham
89,19,18,2,0,0,8,ham
44,9,9,1,0,0,0,ham
24,6,6,1,0,0,0,ham
109,26,22,3,0,0,2,ham
59,12,11,1,0,0,0,ham
179,34,32,3,0,0,0,ham
165,36,32,18,2,1,23,spam
38,9,9,1,0,0,0,ham
25,5,5,2,0,0,0,ham
78,17,14,2,0,0,0,ham
135,22,20,5,0,0,0,ham
24,4,4,1,0,0,0,ham
24,5,5,1,0,0,0,ham
49,9,8,3,0,0,0,ham
86,17,16,2,0,0,0,ham
34,8,8,1,0,0,0,ham
74,17,16,4,0,0,0,ham
33,9,9,1,0,0,0,ham
31,5,5,1,0,0,0,ham
19,4,4,1,0,0,0,ham
25,6,6,1,0,0,0,ham
30,8,8,1,0,0,1,ham
159,30,27,14,2,0,13,spam
141,34,29,4,0,0,1,ham
159,31,26,3,0,0,23,spam
33,8,8,1,0,0,2,ham
33,5,5,1,0,0,0,ham
52,9,9,1,0,0,0,ham
99,24,22,3,0,0,0,ham
77,17,17,4,0,0,0,ham
141,31,22,6,0,0,0,ham
32,7,7,1,0,0,0,ham
151,26,22,3,0,0,5,ham
88,17,17,3,0,0,2,ham
45,10,8,1,0,0,0,ham
30,6,6,2,0,0,0,ham
149,34,28,23,3,0,4,spam
41,10,10,1,0,0,1,ham
96,20,19,3,0,0,0,ham
62,10,10,1,0,0,0,ham
234,46,41,4,0,0,0,ham
49,11,11,1,0,0,0,ham
63,11,11,3,0,0,1,spam
86,13,13,11,1,0,11,spam
30,5,5,1,0,0,0,ham
147,29,28,7,0,0,14,spam
45,11,11,1,0,0,1,ham
212,40,36,49,7,0,0,ham
126,22,20,2,0,0,0,ham
87,17,16,71,17,0,0,ham
107,22,21,4,1,0,0,ham
23,4,4,1,0,0,0,ham
37,7,7,1,0,0,0,ham
27,6,6,1,0,0,0,ham
54,12,12,2,0,0,0,ham
43,9,9,2,0,0,0,ham
62,14,13,1,0,0,2,ham
73,13,13,4,0,0,1,ham
137,22,20,13,1,0,10,spam
51,9,9,2,0,0,0,ham
50,9,9,2,0,0,0,ham
21,5,5,2,0,0,0,ham
72,13,13,48,9,0,0,ham
29,6,6,1,0,0,0,ham
28,6,6,1,0,0,0,ham
54,11,11,2,0,0,0,ham
77,16,14,2,0,0,0,ham
66,14,14,3,0,0,0,ham
72,19,16,3,0,0,1,ham
87,17,15,1,0,0,0,ham
159,32,28,11,1,0,0,ham
36,10,10,1,0,0,2,ham
102,21,21,3,0,0,0,ham
151,24,20,24,3,0,0,ham
83,17,15,1,0,0,0,ham
200,43,39,4,0,0,1,ham
134,29,26,2,0,0,0,ham
191,38,31,3,0,0,0,ham
7,1,1,1,0,0,0,ham
17,4,4,12,2,0,1,ham
35,8,7,1,0,0,0,ham
58,13,13,3,0,0,0,ham
61,14,13,1,0,0,0,ham
34,8,8,2,0,0,0,ham
52,11,11,1,0,0,0,ham
105,20,17,2,0,0,0,ham
244,49,38,4,0,0,0,ham
127,26,25,95,23,0,2,ham
237,47,36,7,0,0,0,ham
22,4,4,1,0,0,0,ham
157,31,23,7,0,0,0,ham
51,10,10,0,0,0,0,ham
34,8,8,1,0,0,0,ham
80,19,19,1,0,0,0,ham
33,7,7,2,0,0,0,ham
101,22,19,3,0,0,0,ham
163,32,30,2,0,0,1,ham
47,10,10,1,0,0,0,ham
30,8,8,2,0,1,0,ham
155,29,27,15,3,0,0,ham
65,12,12,2,0,0,1,ham
156,24,24,24,3,0,18,spam
15,4,4,1,0,0,0,ham
55,13,13,1,0,0,0,ham
159,26,26,18,2,0,24,spam
143,26,26,41,5,0,23,spam
41,8,8,1,0,0,0,ham
202,42,31,3,0,0,0,ham
37,7,7,2,0,0,0,ham
24,6,6,2,0,0,0,ham
159,24,24,12,1,1,15,spam
34,6,6,1,0,0,0,ham
63,13,13,2,0,0,0,ham
58,13,13,1,0,0,0,ham
38,8,8,3,0,0,0,ham
122,25,18,5,0,0,0,ham
54,11,11,2,0,0,0,ham
28,8,8,1,0,0,0,ham
49,10,10,2,0,0,0,ham
21,6,6,2,0,0,0,ham
132,26,24,11,2,0,19,spam
42,9,9,2,0,0,0,ham
29,7,7,1,0,0,0,ham
36,9,9,1,0,0,0,ham
136,24,24,14,0,0,3,spam
30,7,7,1,0,0,0,ham
29,7,7,1,0,0,0,ham
36,8,8,1,0,0,0,ham
65,13,13,3,0,0,1,ham
65,13,12,2,0,0,0,ham
40,8,8,32,7,0,0,ham
135,26,24,16,2,1,14,spam
71,14,13,3,0,0,0,ham
43,11,11,2,0,0,0,ham
41,8,8,1,0,0,0,ham
54,13,12,2,0,0,0,ham
56,13,13,2,0,0,0,ham
27,5,5,1,0,0,0,ham
20,6,5,1,0,0,1,ham
45,8,7,1,0,0,0,ham
33,5,5,1,0,0,0,ham
60,12,12,1,0,0,1,ham
69,16,16,1,0,0,1,ham
22,6,6,1,0,0,0,ham
66,12,11,3,0,0,0,ham
37,10,10,1,0,0,0,ham
175,36,33,4,0,0,0,ham
157,29,29,25,1,0,26,spam
122,25,24,5,1,0,0,ham
159,30,30,24,3,0,30,spam
51,11,11,2,0,0,0,ham
24,6,6,2,0,0,0,ham
57,12,12,2,0,0,0,ham
25,5,5,2,0,0,0,ham
36,7,7,1,0,0,0,ham
45,10,10,2,0,0,0,ham
10,2,2,1,0,0,0,ham
47,10,10,2,0,0,0,ham
23,5,5,2,0,0,0,ham
160,34,33,4,0,0,0,ham
29,5,5,1,0,0,0,ham
34,9,9,1,0,0,0,ham
158,30,30,9,1,0,23,spam
160,34,30,5,0,0,0,ham
119,27,23,1,0,0,0,ham
24,5,5,1,0,0,0,ham
41,8,8,0,0,0,0,ham
87,17,17,3,0,0,0,ham
176,31,21,10,0,0,0,ham
27,6,6,1,0,0,0,ham
41,7,7,6,1,0,0,spam
36,7,7,1,0,0,0,ham
35,7,7,27,6,0,0,ham
54,12,9,2,0,0,0,ham
69,12,12,1,0,0,1,ham
26,5,5,1,0,0,0,ham
24,5,5,1,0,0,0,ham
30,7,7,2,0,0,0,ham
33,6,6,2,0,0,0,ham
108,22,22,1,0,0,0,ham
142,33,30,104,24,0,3,ham
40,10,10,2,0,0,1,ham
136,22,20,6,0,0,1,ham
32,6,6,2,0,0,0,ham
154,34,33,29,6,1,21,spam
23,4,4,1,0,0,0,ham
23,4,4,1,0,0,0,ham
112,22,22,4,0,0,0,ham
153,31,22,8,0,0,0,ham
42,9,9,1,0,0,0,ham
91,19,17,5,0,0,0,ham
158,28,27,21,3,0,14,spam
38,6,6,1,0,0,0,ham
51,11,11,2,0,0,0,ham
49,11,9,3,0,0,0,ham
82,17,16,1,0,0,0,ham
31,5,5,1,0,0,0,ham
66,10,9,3,0,0,0,ham
77,17,16,3,0,0,0,ham
40,6,6,2,0,0,0,ham
129,25,18,10,0,0,0,ham
79,20,19,2,0,0,0,ham
148,33,28,8,0,0,0,ham
120,20,20,6,0,0,0,ham
110,15,15,11,0,0,19,spam
26,6,6,1,0,0,0,ham
156,27,26,3,0,0,21,spam
145,29,24,11,1,0,13,spam
13,3,3,2,0,0,0,ham
35,7,7,0,0,0,0,ham
34,6,6,1,0,0,0,ham
162,33,32,16,2,0,25,spam
119,23,20,3,0,0,0,ham
278,55,38,22,2,0,1,ham
162,38,35,3,0,0,0,ham
175,33,29,5,1,0,0,ham
30,6,6,2,0,0,0,ham
26,6,6,1,0,0,0,ham
157,31,27,7,0,0,1,ham
131,27,26,2,0,0,1,ham
30,7,7,1,0,0,0,ham
149,27,26,13,2,0,22,spam
81,16,15,2,0,0,0,ham
131,24,23,5,0,0,0,ham
26,5,5,1,0,0,1,ham
133,28,24,3,0,0,0,ham
73,14,14,55,11,0,1,ham
56,9,9,1,0,0,0,ham
22,6,6,1,0,0,0,ham
154,37,33,3,0,0,1,ham
59,9,9,0,0,0,21,spam
22,5,5,1,0,0,1,ham
42,12,11,1,0,0,6,ham
92,20,18,3,0,0,1,ham
109,24,23,2,0,0,0,ham
48,11,10,0,0,0,0,ham
92,20,18,4,0,0,0,ham
153,29,26,2,0,0,22,spam
36,7,7,1,0,0,0,ham
54,10,10,2,0,0,1,ham
71,15,12,2,0,0,0,ham
133,23,22,5,0,0,0,ham
123,30,28,4,0,0,1,ham
132,26,21,5,0,0,0,ham
143,28,26,17,2,1,14,spam
158,29,29,20,2,0,17,spam
79,14,14,2,0,0,0,ham
23,5,5,1,0,0,0,ham
45,10,10,2,0,0,0,ham
70,14,14,1,0,0,0,ham
57,12,11,3,0,0,0,ham
53,10,10,3,0,0,0,ham
72,15,15,1,0,0,0,ham
76,13,13,2,0,0,0,ham
36,7,7,1,0,0,0,ham
75,16,15,1,0,0,0,ham
170,30,30,7,1,0,41,spam
134,34,28,3,0,0,4,ham
160,33,24,10,0,0,0,ham
53,10,10,3,0,0,0,ham
38,9,9,1,0,0,0,ham
5,1,1,1,0,0,0,ham
159,29,27,20,3,1,19,spam
65,13,13,3,0,0,0,ham
155,28,25,13,2,0,1,spam
104,22,20,27,7,0,10,spam
75,17,16,4,0,0,0,ham
35,9,9,1,0,0,0,ham
32,7,7,2,0,0,0,ham
75,13,13,2,0,0,0,ham
33,8,8,3,0,0,0,ham
35,9,9,1,0,0,2,ham
148,31,27,28,5,0,0,ham
152,31,20,6,0,0,0,ham
26,4,4,1,0,0,0,ham
121,29,28,1,0,0,2,ham
24,6,6,1,0,0,0,ham
98,18,18,19,1,0,0,ham
102,20,18,1,0,0,0,ham
146,31,30,4,0,0,0,ham
38,9,9,2,0,0,0,ham
25,6,6,2,0,0,0,ham
27,5,5,1,0,0,0,ham
35,8,8,2,0,0,0,ham
20,3,3,0,0,0,0,ham
59,11,11,2,0,0,0,ham
28,5,5,1,0,0,0,ham
43,7,7,2,0,0,0,ham
77,15,15,1,0,0,0,ham
160,32,28,13,3,1,26,spam
224,40,38,14,2,0,23,spam
22,5,5,1,0,0,0,ham
89,15,15,8,2,0,20,spam
29,6,6,2,0,0,0,ham
156,28,24,16,2,0,7,spam
27,7,7,1,0,0,1,ham
20,5,5,2,0,0,3,ham
71,15,15,1,0,0,0,ham
23,4,4,1,0,0,0,ham
37,6,6,2,0,0,0,ham
27,7,7,1,0,0,0,ham
65,12,12,1,0,0,0,ham
58,13,13,2,0,0,0,ham
35,9,8,1,0,0,0,ham
162,26,25,20,2,0,5,spam
31,6,6,1,0,0,0,ham
32,5,4,1,0,0,0,ham
23,4,4,1,0,0,0,ham
30,5,5,1,0,0,0,ham
85,18,17,3,0,0,0,ham
138,34,31,2,0,0,1,ham
70,15,14,1,0,0,0,ham
106,17,17,9,0,0,11,spam
141,31,22,6,0,0,0,ham
24,4,4,1,0,0,0,ham
159,33,30,8,2,0,19,spam
115,24,23,5,0,0,0,ham
129,19,18,6,0,0,17,spam
158,36,31,20,3,0,16,spam
144,26,24,5,0,2,15,spam
40,9,9,2,0,0,1,ham
148,26,24,4,0,0,0,ham
32,7,7,1,0,0,0,ham
24,5,5,1,0,0,0,ham
185,35,35,7,1,0,0,ham
138,28,23,4,0,0,0,ham
93,20,20,2,0,0,0,ham
36,7,6,2,0,0,0,ham
450,97,75,14,0,1,4,ham
32,8,8,1,0,0,1,ham
82,17,16,1,0,0,0,ham
28,7,7,1,0,0,0,ham
153,29,27,6,0,0,15,spam
104,17,17,3,0,0,0,ham
158,30,29,25,5,0,28,spam
173,28,27,8,0,3,33,spam
34,6,6,1,0,0,0,ham
47,7,7,1,0,0,0,ham
123,28,27,4,0,0,0,ham
158,27,27,12,1,0,19,spam
158,27,25,13,1,2,13,spam
87,17,17,2,0,0,0,ham
135,23,23,17,1,0,28,spam
162,33,30,18,2,1,19,spam
99,20,20,1,0,0,0,ham
73,18,16,3,0,0,0,ham
57,13,13,1,0,0,1,ham
57,10,10,2,0,0,0,ham
144,26,23,1,0,0,0,ham
25,5,5,1,0,0,0,ham
31,7,7,1,0,0,0,ham
26,5,5,3,0,0,0,ham
52,10,10,1,0,0,0,ham
115,24,23,4,0,0,0,ham
122,18,16,5,0,0,0,ham
51,12,12,2,0,0,0,ham
83,17,16,4,0,0,0,ham
51,11,11,2,0,0,0,ham
82,22,19,3,0,0,0,ham
151,29,27,5,0,0,0,ham
34,8,8,1,0,0,0,ham
28,6,6,1,0,0,0,ham
25,5,5,2,0,0,0,ham
69,17,17,3,0,0,11,ham
119,23,21,2,0,0,0,ham
51,11,10,3,0,0,0,ham
59,13,13,2,0,0,0,ham
38,8,8,1,0,0,0,ham
42,9,9,1,0,0,0,ham
19,4,4,1,0,0,0,ham
120,22,20,19,3,0,19,spam
29,6,6,1,0,0,0,ham
67,14,14,1,0,0,0,ham
59,14,14,1,0,0,0,ham
68,14,13,2,0,0,0,ham
28,5,5,1,0,0,0,ham
104,28,25,2,0,0,1,ham
42,10,10,1,0,0,0,ham
96,20,19,4,0,0,1,ham
60,14,14,3,0,0,0,ham
34,7,7,1,0,0,0,ham
24,5,5,1,0,0,0,ham
149,27,26,13,2,0,22,spam
126,27,25,2,0,0,1,ham
23,5,5,1,0,0,0,ham
28,6,6,1,0,0,0,ham
36,9,9,1,0,0,0,ham
24,5,5,1,0,0,0,ham
23,6,5,0,0,0,2,ham
147,29,27,14,2,1,5,spam
47,10,10,2,0,0,1,ham
226,51,38,1,0,0,0,ham
61,14,12,2,0,0,0,ham
48,13,13,1,0,0,0,ham
62,14,13,46,11,0,0,ham
32,6,6,1,0,0,0,ham
41,10,10,2,0,0,0,ham
52,10,10,2,0,0,0,ham
160,25,20,17,1,0,0,ham
59,11,11,2,0,0,0,ham
24,4,4,0,0,0,0,ham
117,26,22,1,0,0,0,ham
92,17,17,1,0,0,0,ham
143,32,26,2,0,0,1,ham
329,61,51,6,0,0,0,ham
41,11,10,1,0,0,0,ham
160,31,30,14,1,0,24,spam
39,8,7,1,0,0,0,ham
23,5,5,1,0,0,0,ham
23,5,5,1,0,0,0,ham
165,35,31,6,0,0,1,ham
136,21,21,1,0,0,2,ham
120,25,23,4,0,0,12,spam
36,7,7,3,0,0,0,ham
73,15,15,2,0,0,0,ham
183,41,32,5,1,0,14,ham
22,6,6,1,0,0,0,ham
97,20,19,2,0,0,0,ham
51,12,12,1,0,0,0,ham
66,16,16,3,1,0,1,ham
26,6,6,2,0,0,0,ham
49,8,8,1,0,0,0,ham
159,26,21,15,2,0,0,ham
28,7,7,1,0,0,0,ham
114,24,21,3,0,0,0,ham
146,25,25,9,0,1,24,spam
70,16,12,2,0,0,0,ham
52,10,8,1,0,0,0,ham
41,8,8,1,0,0,0,ham
45,9,8,26,6,0,1,ham
124,29,23,6,1,0,0,ham
84,15,15,2,0,0,0,ham
135,26,24,17,4,0,14,spam
24,7,7,1,0,0,3,ham
27,7,7,2,0,0,0,ham
127,28,26,10,2,0,24,spam
37,7,7,1,0,0,0,ham
69,14,13,9,1,0,0,ham
161,27,27,27,3,0,26,spam
46,9,9,2,0,0,0,ham
30,8,8,2,0,0,0,ham
23,4,4,1,0,0,0,ham
115,24,23,5,0,0,1,ham
78,14,13,2,0,0,0,ham
114,24,22,1,0,0,1,ham
161,27,26,19,2,0,24,spam
116,24,18,3,0,0,0,ham
83,18,16,2,0,0,1,ham
32,7,7,1,0,0,0,ham
24,5,5,1,0,0,0,ham
49,11,9,2,0,0,0,ham
67,15,15,2,0,0,0,ham
142,27,27,3,0,0,0,ham
62,14,13,2,0,0,0,ham
35,7,7,1,0,0,0,ham
23,4,4,1,0,0,0,ham
42,9,9,2,0,0,0,ham
34,6,6,1,0,0,0,ham
26,6,6,2,0,0,0,ham
107,24,21,3,0,0,0,ham
21,5,5,1,0,0,1,ham
27,5,5,1,0,0,0,ham
152,30,29,16,2,0,27,spam
81,17,16,2,0,0,2,ham
55,11,11,2,0,0,0,ham
115,24,22,2,0,0,1,ham
36,9,9,1,0,0,0,ham
151,28,27,11,1,0,13,spam
32,7,7,1,0,0,0,ham
140,28,16,4,0,0,1,ham
9,2,2,1,0,0,0,ham
148,30,26,6,0,0,0,ham
124,25,22,4,0,0,0,ham
132,26,24,4,0,0,0,ham
131,31,27,3,0,0,1,ham
150,24,24,12,2,1,22,spam
53,8,8,2,0,0,0,ham
71,17,15,2,0,0,0,ham
62,16,16,1,0,0,0,ham
11,3,3,1,0,0,1,ham
28,5,5,1,0,0,0,ham
22,5,5,2,0,0,0,ham
136,23,23,17,1,0,29,spam
51,11,11,2,0,0,0,ham
82,15,14,1,0,0,0,ham
42,7,7,1,0,0,0,ham
220,46,38,3,0,0,0,ham
112,23,21,3,0,0,0,ham
122,24,23,29,5,0,23,spam
94,17,17,2,0,0,0,ham
39,9,9,1,0,0,0,ham
34,8,8,2,0,0,0,ham
42,7,7,1,0,0,0,ham
75,15,13,2,0,0,0,ham
36,8,8,2,0,0,0,ham
30,7,7,0,0,0,0,ham
45,8,8,1,0,0,0,ham
48,12,12,1,0,0,0,ham
46,8,8,3,0,0,0,ham
147,27,24,5,1,0,22,spam
212,40,36,49,7,0,0,ham
24,5,5,8,1,0,0,ham
91,18,18,1,0,0,1,ham
30,8,8,1,0,0,0,ham
368,73,57,7,0,0,1,ham
76,16,16,1,0,0,0,ham
139,32,20,3,0,0,0,ham
165,38,31,5,0,0,0,ham
121,23,21,3,0,0,6,ham
13,2,2,0,0,0,0,ham
50,12,12,3,0,0,0,ham
84,17,17,1,0,0,0,ham
90,22,16,61,14,0,2,ham
139,30,26,5,0,0,0,ham
229,52,36,11,0,0,0,ham
46,9,9,1,0,0,0,ham
72,17,15,2,0,0,0,ham
31,6,6,1,0,0,0,ham
44,8,8,1,0,0,0,ham
90,18,14,71,17,0,0,ham
18,4,4,2,0,0,0,ham
134,28,23,3,0,0,2,ham
63,15,12,2,0,0,0,ham
36,6,6,1,0,0,0,ham
27,6,6,2,0,0,0,ham
92,21,18,1,0,0,0,ham
3,1,1,2,1,0,0,ham
45,11,11,1,0,0,1,ham
82,13,13,5,1,0,11,spam
34,7,7,2,0,0,0,ham
205,37,35,2,0,0,0,ham
37,8,8,1,0,0,0,ham
93,18,17,6,0,0,0,ham
29,7,7,0,0,0,0,ham
101,20,20,29,5,0,23,spam
133,28,26,5,0,0,2,ham
57,12,10,1,0,0,0,ham
139,28,27,3,0,0,1,ham
33,6,6,1,0,0,0,ham
39,9,9,2,0,0,0,ham
228,50,38,8,0,0,1,ham
118,19,18,2,0,0,20,spam
49,10,9,1,0,0,0,ham
49,11,11,1,0,0,0,ham
158,32,29,4,0,1,0,ham
38,7,7,1,0,0,0,ham
50,10,10,3,0,0,0,ham
588,119,82,53,4,0,2,ham
37,8,8,1,0,0,0,ham
66,14,13,4,0,0,0,ham
135,25,24,14,3,0,11,spam
34,9,9,2,0,0,0,ham
37,8,8,1,0,0,0,ham
85,12,12,3,0,0,17,spam
38,9,9,2,0,0,0,ham
82,14,14,4,1,0,0,ham
31,8,8,1,0,0,0,ham
188,38,29,5,0,0,0,ham
126,26,24,17,1,1,0,ham
158,30,29,25,5,0,28,spam
152,34,27,7,0,0,1,ham
49,10,9,1,0,0,0,ham
22,4,4,1,0,0,0,ham
31,7,7,1,0,0,1,ham
34,7,7,2,0,0,0,ham
116,24,20,1,0,0,0,ham
153,24,24,5,0,0,0,spam
163,29,27,128,26,0,2,spam
36,7,7,1,0,0,0,ham
34,4,4,28,3,0,0,ham
63,12,12,2,0,0,0,ham
66,16,15,2,0,0,0,ham
142,32,27,6,1,0,19,spam
29,4,4,1,0,0,0,ham
55,11,10,2,0,0,0,ham
65,12,12,3,0,0,0,ham
189,42,35,5,0,0,2,ham
138,34,28,4,0,0,2,ham
35,6,6,2,0,0,0,ham
22,5,5,2,0,0,0,ham
32,7,7,1,0,0,0,ham
33,6,6,2,0,0,0,ham
59,15,13,2,0,0,0,ham
135,25,24,21,3,0,14,spam
42,9,8,2,0,0,0,ham
31,6,6,2,0,0,0,ham
51,9,9,1,0,0,0,ham
38,9,9,1,0,0,0,ham
51,11,11,1,0,0,0,ham
48,8,8,2,0,0,12,spam
37,7,7,1,0,0,0,ham
84,18,18,2,0,0,0,ham
45,9,9,2,0,0,0,ham
34,8,8,2,0,0,0,ham
40,8,8,1,0,0,0,ham
57,13,13,3,0,0,1,ham
30,6,6,1,0,0,0,ham
143,29,23,38,3,0,1,ham
24,5,5,1,0,0,0,ham
44,8,8,1,0,0,0,ham
293,58,48,14,1,0,1,ham
65,15,15,2,0,0,0,ham
54,9,9,9,2,0,0,ham
40,8,8,1,0,0,0,ham
34,4,4,2,0,0,0,ham
47,9,9,2,0,0,0,ham
53,14,13,4,0,0,1,ham
62,12,11,3,0,0,0,ham
149,27,26,13,2,0,22,spam
80,17,16,1,0,0,0,ham
29,6,6,1,0,0,0,ham
143,32,27,7,1,1,19,spam
84,15,14,15,2,0,0,ham
128,27,25,2,0,0,0,ham
69,15,15,1,0,0,0,ham
49,12,12,2,0,0,2,ham
66,13,13,1,0,0,0,ham
95,18,16,2,0,0,0,ham
122,24,21,2,0,0,0,ham
156,31,29,7,1,2,5,spam
25,4,4,1,0,0,0,ham
149,24,21,4,0,0,0,ham
91,15,14,12,2,0,1,spam
40,8,8,3,0,0,0,ham
26,5,5,1,0,0,0,ham
63,13,10,2,0,0,0,ham
154,29,27,16,1,0,17,spam
90,20,18,2,0,0,0,ham
148,27,21,14,1,0,0,ham
95,18,18,2,0,0,0,ham
162,34,32,9,0,0,0,ham
116,23,22,4,0,0,0,ham
103,23,22,2,0,0,5,ham
76,15,15,1,0,0,0,ham
31,6,6,1,0,0,0,ham
58,10,10,1,0,0,0,ham
44,10,9,1,0,0,0,ham
42,9,9,1,0,0,0,ham
103,19,15,3,0,0,0,ham
62,13,12,2,0,0,0,ham
155,24,24,9,1,2,16,spam
27,4,4,2,0,0,0,ham
83,18,18,3,0,0,0,ham
61,15,15,1,0,0,0,ham
146,29,22,6,0,0,0,ham
59,12,11,1,0,0,0,ham
54,11,11,2,0,0,0,ham
18,4,4,1,0,0,0,ham
130,22,17,1,0,0,0,ham
55,12,10,1,0,0,0,ham
45,9,9,1,0,0,0,ham
148,31,29,4,0,1,0,ham
87,21,21,1,0,0,1,ham
87,20,16,1,0,0,0,ham
46,11,10,1,0,0,0,ham
161,26,26,6,0,0,21,spam
65,15,13,2,0,0,1,ham
126,25,24,98,22,0,1,ham
29,6,6,1,0,0,0,ham
146,32,29,32,4,0,10,spam
48,8,8,2,0,0,0,ham
63,13,13,1,0,0,0,ham
84,17,17,1,0,0,0,ham
93,18,17,4,0,0,0,ham
40,8,8,2,0,0,0,ham
95,23,23,4,0,0,1,ham
93,18,17,6,0,0,0,ham
53,10,10,3,0,0,0,ham
29,5,5,1,0,0,0,ham
22,5,5,1,0,0,0,ham
36,8,8,1,0,0,0,ham
23,4,4,1,0,0,0,ham
22,5,5,2,0,0,0,ham
31,8,7,1,0,0,0,ham
36,7,7,2,0,0,0,ham
25,5,5,2,0,0,0,ham
36,9,9,1,0,0,0,ham
62,14,13,2,0,0,0,ham
24,3,3,1,0,0,0,ham
170,30,30,7,1,0,41,spam
60,13,11,1,0,0,0,ham
51,10,10,1,0,0,0,ham
29,8,8,2,0,0,0,ham
24,6,6,1,0,0,0,ham
23,5,5,1,0,0,0,ham
24,5,5,1,0,0,0,ham
53,11,11,2,0,0,0,ham
134,28,26,5,0,0,0,spam
163,31,28,12,3,0,0,ham
77,13,13,3,0,0,0,ham
97,23,18,4,0,0,0,ham
44,9,9,1,0,0,0,ham
39,8,7,2,0,0,0,ham
35,10,10,1,0,0,1,ham
24,4,4,1,0,0,0,ham
6,1,1,6,1,0,0,ham
70,14,12,5,0,0,0,ham
149,32,31,2,0,0,0,ham
27,7,7,20,6,0,0,ham
92,19,19,1,0,0,0,ham
73,15,14,2,0,0,0,ham
111,23,22,3,0,0,0,ham
41,11,11,1,0,0,0,ham
27,6,6,1,0,0,0,ham
28,8,8,1,0,0,0,ham
156,31,30,32,6,0,16,spam
131,30,24,12,2,0,0,ham
49,10,10,1,0,0,0,ham
85,17,15,3,0,0,0,ham
117,23,20,5,1,0,8,spam
41,8,8,1,0,0,0,ham
144,25,18,1,0,0,0,ham
26,6,6,20,5,0,0,ham
45,7,7,38,5,0,0,ham
48,9,9,1,0,0,0,ham
77,16,15,2,0,0,0,ham
244,50,44,5,0,0,0,ham
155,41,29,4,0,0,12,ham
40,7,7,2,0,0,0,ham
124,28,24,16,3,0,1,ham
25,6,5,2,0,0,0,ham
56,12,12,2,0,0,0,ham
22,5,5,1,0,0,0,ham
32,8,8,1,0,0,1,ham
30,8,8,2,0,0,1,ham
39,9,9,2,0,0,0,ham
156,25,25,26,2,0,3,ham
30,6,6,2,0,0,0,ham
155,29,24,3,0,0,0,ham
94,20,16,16,0,0,1,ham
27,5,5,1,0,0,0,ham
46,9,9,1,0,0,0,ham
136,23,23,17,1,0,29,spam
160,26,23,10,0,0,1,ham
23,6,6,1,0,0,0,ham
157,28,27,19,2,1,18,spam
34,8,8,1,0,0,0,ham
39,9,9,2,0,0,0,ham
35,7,7,9,2,0,0,ham
25,4,4,2,0,0,0,ham
35,8,5,1,0,0,0,ham
101,18,18,3,0,0,0,ham
158,23,20,16,1,0,0,ham
60,12,10,3,0,0,0,ham
42,9,9,2,0,0,0,ham
157,33,30,15,1,1,11,spam
21,5,5,0,0,0,0,ham
49,8,8,1,0,0,0,ham
31,5,5,2,0,0,0,ham
126,28,28,14,2,0,8,spam
22,6,5,1,0,0,0,ham
39,8,8,2,0,0,0,ham
15,3,3,1,0,0,0,ham
85,19,18,2,0,0,0,ham
41,10,10,2,0,0,3,ham
33,8,8,1,0,0,0,ham
27,7,7,2,0,0,0,ham
34,8,8,2,0,1,0,ham
38,7,7,0,0,0,0,ham
96,20,12,9,0,0,0,ham
35,6,6,6,0,0,0,ham
64,15,15,3,0,0,3,ham
27,4,4,1,0,0,0,ham
50,9,9,1,0,0,0,ham
73,14,13,2,0,0,0,ham
35,8,8,0,0,0,0,ham
70,17,16,3,0,0,1,ham
27,5,5,2,0,0,0,ham
22,5,5,2,0,0,0,ham
49,11,11,2,0,0,0,ham
81,16,15,2,0,0,2,ham
91,13,13,12,1,0,0,ham
159,32,26,13,1,0,0,ham
141,29,25,11,0,0,2,spam
36,7,7,2,0,0,0,ham
43,11,10,3,0,0,0,ham
28,6,6,2,0,0,0,ham
39,9,9,2,0,0,0,ham
73,15,15,1,0,0,0,ham
29,4,4,1,0,0,0,ham
54,14,13,4,0,0,1,ham
143,33,32,3,0,0,0,ham
37,7,7,1,0,0,0,ham
157,33,30,5,0,0,2,ham
327,66,53,3,0,0,1,ham
87,18,17,4,0,0,0,ham
145,33,29,8,1,0,1,ham
157,34,27,9,0,0,0,ham
48,11,11,1,0,0,0,ham
49,8,8,0,0,0,4,ham
128,20,19,17,3,0,1,ham
113,20,18,1,0,0,0,ham
59,12,12,1,0,0,0,ham
86,17,16,3,0,0,0,ham
66,14,14,2,0,0,0,ham
156,27,26,3,0,0,22,spam
99,19,18,2,0,0,0,ham
28,7,6,1,0,0,0,ham
96,21,20,2,0,0,7,spam
35,8,8,1,0,0,0,ham
160,26,23,9,1,0,0,ham
99,17,16,3,0,0,0,ham
115,21,20,18,3,0,19,spam
45,10,10,2,0,0,0,ham
50,11,11,2,0,0,0,ham
30,7,7,1,0,0,0,ham
22,6,6,1,0,0,0,ham
39,8,7,2,0,0,0,ham
52,9,9,2,0,0,1,ham
97,20,20,2,0,0,0,ham
7,2,2,1,0,0,0,ham
156,32,26,5,0,0,0,ham
69,15,15,2,0,0,0,ham
73,13,13,1,0,0,0,ham
45,11,10,3,0,0,2,ham
94,18,17,5,0,0,2,ham
46,9,9,2,0,0,0,ham
38,8,8,3,1,0,0,ham
31,7,7,1,0,0,1,ham
158,26,26,24,4,0,18,spam
32,8,8,2,0,0,0,ham
27,5,5,1,0,0,0,ham
86,22,19,2,0,0,0,ham
28,5,5,1,0,0,0,ham
36,6,6,2,0,0,0,ham
45,10,10,1,0,0,0,ham
41,8,8,2,0,0,0,ham
92,14,14,2,0,0,0,ham
74,11,11,1,0,0,0,ham
35,6,6,2,0,0,0,ham
28,6,6,1,0,0,0,ham
156,26,26,44,8,0,6,spam
46,10,10,2,0,0,0,ham
40,9,9,1,0,0,0,ham
130,20,17,23,2,0,0,ham
32,9,9,1,0,0,1,ham
29,6,6,2,0,0,0,ham
34,6,6,1,0,0,0,ham
51,12,12,2,0,0,7,ham
29,7,7,1,0,0,1,ham
87,19,17,4,0,0,0,ham
53,10,10,0,0,0,0,ham
33,7,7,2,0,0,0,ham
22,5,5,2,0,0,0,ham
132,25,24,13,3,0,3,spam
51,12,12,2,0,0,1,ham
50,10,10,2,0,0,0,ham
28,6,6,1,0,0,0,ham
158,31,29,13,2,2,2,spam
23,5,5,2,0,0,0,ham
31,6,6,1,0,0,0,ham
482,100,73,8,0,0,0,ham
34,9,9,2,0,0,0,ham
86,17,17,3,0,0,0,ham
133,31,28,2,0,0,0,ham
27,5,5,1,0,0,3,ham
110,20,18,3,0,0,0,ham
22,4,4,1,0,0,0,ham
153,27,26,121,23,0,0,ham
75,17,16,1,0,0,0,ham
114,22,22,3,0,0,0,ham
32,8,8,2,0,0,0,ham
155,28,28,15,2,0,14,spam
124,24,22,14,2,0,0,spam
47,11,10,1,0,0,0,ham
147,27,25,8,0,0,0,ham
39,8,8,2,0,0,0,ham
7,0,0,0,0,0,0,ham
5,1,1,1,0,0,0,ham
276,62,28,33,4,0,0,ham
42,9,9,2,0,0,0,ham
163,34,27,47,11,0,0,ham
80,18,15,3,0,0,0,ham
33,6,6,1,0,0,0,ham
30,6,6,2,0,0,0,ham
159,24,21,34,5,1,18,spam
33,6,6,1,0,0,0,ham
53,10,10,2,0,0,1,ham
77,18,16,2,0,1,1,ham
122,28,24,2,0,0,0,ham
74,18,17,2,0,0,1,ham
106,23,21,3,0,0,0,ham
122,26,25,5,0,0,0,ham
58,10,10,1,0,0,0,ham
48,10,8,1,0,0,0,ham
85,20,19,64,18,0,0,ham
142,28,28,1,0,0,0,ham
28,7,7,2,0,0,0,ham
85,17,17,3,0,0,0,ham
63,13,13,2,0,0,0,ham
93,21,18,3,0,0,0,ham
24,5,5,2,0,0,0,ham
167,29,29,22,3,0,28,spam
127,29,25,26,0,0,1,ham
152,28,27,12,2,1,19,spam
148,26,24,25,4,0,25,spam
23,6,6,4,1,0,0,ham
39,9,9,1,0,0,0,ham
35,8,8,1,0,0,0,ham
157,31,27,3,0,0,0,ham
144,29,25,5,0,0,0,ham
148,24,24,17,1,0,40,spam
36,9,9,1,0,0,1,ham
145,25,25,20,2,0,0,ham
25,5,5,2,0,0,0,ham
47,11,11,2,0,0,0,ham
36,8,8,1,0,0,0,ham
57,15,14,1,0,0,4,ham
14,4,4,1,0,0,0,ham
43,10,9,1,0,0,0,ham
37,9,9,2,0,0,1,ham
23,5,5,1,0,0,0,ham
87,19,18,1,0,0,2,ham
103,21,19,2,0,0,0,ham
63,13,13,2,0,0,0,ham
95,21,19,4,0,0,0,ham
4,1,1,1,0,0,0,ham
151,27,25,7,0,0,25,spam
18,4,4,1,0,0,0,ham
36,9,9,2,0,0,0,ham
83,17,14,6,0,0,0,ham
153,30,25,20,2,0,8,ham
79,14,14,1,0,0,0,ham
59,14,13,1,0,0,0,ham
329,65,51,6,0,0,1,ham
30,7,7,1,0,0,0,ham
81,13,13,5,1,0,11,spam
26,7,7,1,0,0,0,ham
69,15,15,2,0,0,2,ham
27,5,5,1,0,0,0,ham
158,37,29,3,0,0,0,ham
155,29,28,5,0,0,0,ham
65,17,15,1,0,0,2,ham
85,20,20,2,0,0,0,ham
162,35,34,16,2,0,23,spam
69,16,14,3,0,0,1,ham
42,10,10,2,0,0,0,ham
25,5,5,1,0,0,0,ham
183,39,32,3,0,0,0,ham
155,29,26,26,5,0,12,spam
53,10,10,2,0,0,0,ham
43,10,10,2,0,0,0,ham
161,26,23,66,9,0,19,spam
145,28,24,6,0,0,0,ham
55,11,11,1,0,0,0,ham
29,4,4,1,0,0,0,ham
42,8,8,1,0,0,0,ham
134,26,24,11,2,0,17,spam
39,8,8,2,0,0,0,ham
32,6,6,1,0,0,0,ham
117,23,19,3,0,0,0,ham
7,2,2,1,0,0,0,ham
143,28,27,7,1,0,0,ham
96,18,17,6,0,0,16,spam
160,37,32,3,1,0,0,ham
46,11,11,1,0,0,0,ham
33,7,7,1,0,0,0,ham
43,9,9,1,0,0,0,ham
33,6,6,1,0,0,0,ham
69,16,16,1,0,0,1,ham
160,24,24,12,1,1,15,spam
29,7,7,1,0,0,0,ham
42,9,9,1,0,0,0,ham
15,4,4,11,3,0,0,ham
37,8,8,1,0,0,0,ham
124,19,18,5,0,0,11,spam
33,7,7,1,0,0,0,ham
64,13,12,2,0,0,0,ham
34,8,8,3,0,0,0,ham
105,25,20,1,0,0,1,ham
19,3,3,1,0,0,0,ham
157,26,26,15,0,0,33,spam
153,34,30,5,0,1,2,ham
157,27,26,4,0,0,17,spam
29,6,6,1,0,0,0,ham
36,9,9,1,0,0,0,ham
75,18,16,1,0,0,0,ham
162,26,26,4,0,0,19,spam
152,25,21,10,0,0,0,ham
154,34,23,6,0,0,0,ham
23,5,5,1,0,0,0,ham
29,4,4,1,0,0,0,ham
81,15,15,1,0,0,0,ham
79,17,16,2,0,0,0,ham
77,18,18,2,0,0,3,ham
31,7,7,1,0,0,0,ham
86,21,21,3,0,0,0,ham
77,16,14,1,0,0,0,ham
160,33,32,2,0,0,1,ham
113,16,16,16,4,0,0,ham
24,4,4,1,0,0,0,ham
27,6,6,1,0,0,0,ham
42,8,8,1,0,0,0,ham
236,49,47,5,0,0,0,ham
31,7,7,1,0,0,1,ham
137,28,22,1,0,0,0,ham
12,3,3,1,0,0,0,ham
34,6,6,1,0,0,0,ham
78,18,13,3,0,0,0,ham
26,6,6,1,0,0,0,ham
44,5,5,36,5,0,0,ham
231,45,40,4,0,0,0,ham
30,7,7,2,0,0,0,ham
44,8,8,0,0,0,1,ham
45,10,10,1,0,0,0,ham
159,30,30,9,1,0,23,spam
73,13,13,4,0,0,0,spam
30,6,6,1,0,0,0,ham
30,5,5,1,0,0,0,ham
107,20,18,9,1,0,8,spam
151,31,30,5,0,0,4,ham
158,33,27,3,0,0,0,ham
138,23,22,0,0,1,0,spam
3,1,1,1,0,0,0,ham
41,10,10,2,0,0,0,ham
154,27,26,21,3,0,14,spam
51,10,10,1,0,0,0,ham
43,9,8,1,0,0,0,ham
153,28,26,28,5,2,5,spam
24,5,5,1,0,0,0,ham
86,20,20,4,0,0,2,ham
26,5,5,2,0,0,0,ham
34,7,7,3,0,0,1,ham
153,26,22,9,1,0,0,ham
134,25,25,19,3,0,17,spam
63,13,13,2,0,0,0,ham
121,22,21,2,0,0,17,spam
22,5,5,2,0,0,0,ham
31,6,6,1,0,0,0,ham
43,8,8,1,0,0,0,ham
31,8,8,2,0,0,0,ham
94,21,21,2,0,0,3,ham
143,29,26,9,1,1,0,spam
162,31,30,16,0,0,25,spam
51,10,10,2,0,0,0,ham
137,32,26,3,0,0,0,ham
205,41,34,4,0,0,0,ham
73,16,15,2,0,0,0,ham
41,7,7,0,0,0,0,ham
61,15,13,0,0,0,0,ham
103,24,19,2,0,0,1,ham
39,9,9,1,0,0,0,ham
62,15,15,2,0,0,0,ham
145,24,24,7,0,0,14,spam
58,12,11,2,0,0,0,ham
53,10,10,1,0,0,0,ham
42,6,6,1,0,0,0,ham
68,19,16,3,0,0,2,ham
86,18,18,2,0,0,1,ham
160,31,30,14,1,0,24,spam
408,70,54,8,0,0,0,ham
58,14,13,40,9,0,2,ham
42,9,9,1,0,0,2,ham
158,29,29,23,2,0,18,spam
32,7,7,1,0,0,0,ham
111,21,20,3,0,0,0,ham
112,19,19,3,0,0,24,spam
85,19,19,2,0,0,4,ham
30,6,6,1,0,0,0,ham
23,5,5,2,0,0,0,ham
83,17,17,1,0,0,0,ham
105,17,17,4,0,0,0,ham
112,22,21,2,0,0,2,ham
143,27,26,3,0,0,2,ham
33,8,8,1,0,0,0,ham
63,12,12,3,0,0,0,ham
77,14,14,8,1,0,0,ham
24,5,5,2,0,0,0,ham
24,5,5,1,0,0,0,ham
23,4,4,1,0,0,0,ham
43,11,10,1,0,0,0,ham
23,5,5,1,0,0,0,ham
30,7,7,2,0,0,0,ham
168,30,30,19,2,0,26,spam
94,20,19,4,0,1,1,ham
57,11,11,3,0,0,0,ham
30,7,7,1,0,0,0,ham
58,10,10,4,0,0,0,ham
54,11,11,2,0,0,0,ham
38,8,8,2,0,0,0,ham
48,8,8,37,8,0,0,ham
34,7,7,0,0,0,0,ham
143,29,26,7,1,0,14,spam
158,36,32,15,1,0,14,spam
162,29,28,1,0,0,1,ham
38,8,8,1,0,0,0,ham
289,55,43,31,4,0,4,ham
5,1,1,1,0,0,0,ham
205,43,37,6,0,0,0,ham
79,18,15,2,0,0,3,ham
156,27,25,12,2,1,26,spam
158,31,29,3,0,0,1,ham
60,13,13,3,0,0,0,ham
28,6,6,1,0,0,0,ham
25,4,4,1,0,0,0,ham
52,11,10,2,0,0,0,ham
27,6,5,1,0,0,0,ham
201,41,37,4,0,0,0,ham
55,13,13,2,0,0,0,ham
111,27,24,3,0,0,2,ham
154,30,28,14,1,0,5,spam
63,14,14,1,0,0,0,ham
46,10,10,2,0,0,0,ham
332,66,58,11,0,0,0,ham
49,7,7,1,0,0,0,ham
173,28,26,9,1,0,24,spam
152,27,26,6,0,0,0,ham
154,30,28,14,1,0,5,spam
32,10,9,1,0,0,0,ham
44,8,8,1,0,0,0,ham
36,8,8,2,0,0,0,ham
98,18,18,2,0,0,0,ham
53,12,12,2,0,0,2,ham
87,18,17,1,0,0,0,ham
82,22,20,2,0,0,4,ham
41,10,9,2,0,0,0,ham
38,8,8,2,0,0,0,ham
53,12,12,3,0,0,0,ham
30,7,7,2,0,0,0,ham
38,7,7,2,0,0,0,ham
59,11,11,1,0,0,0,ham
30,6,6,1,0,0,0,ham
221,44,34,4,0,0,0,ham
142,30,29,18,2,1,25,spam
14,2,2,1,0,0,0,ham
56,12,12,1,0,0,0,ham
33,8,8,26,6,0,0,ham
27,6,6,1,0,0,0,ham
38,10,10,1,0,0,0,ham
40,8,8,0,0,0,0,ham
141,31,25,3,0,0,0,ham
22,5,5,2,0,0,0,ham
24,5,5,1,0,0,0,ham
155,34,30,7,0,0,0,ham
28,6,6,1,0,0,0,ham
25,5,5,1,0,0,0,ham
152,26,23,3,0,0,18,spam
35,6,6,2,0,0,0,ham
84,16,15,2,0,0,0,ham
25,4,4,1,0,0,0,ham
42,10,10,3,0,0,0,ham
5,1,1,1,0,0,0,ham
22,4,4,1,0,0,0,ham
152,36,24,15,1,0,0,ham
41,9,9,2,0,0,1,ham
45,8,8,1,0,0,0,ham
59,15,14,3,0,0,0,ham
144,20,20,16,1,0,34,spam
27,5,5,1,0,0,0,ham
32,7,7,1,0,0,0,ham
19,3,3,0,0,0,0,ham
23,5,5,1,0,0,0,ham
58,12,12,2,0,0,0,ham
91,17,16,3,0,0,1,ham
150,31,29,18,2,1,16,spam
153,30,25,20,2,0,8,ham
37,8,8,1,0,0,0,ham
40,8,8,1,0,0,0,ham
46,9,9,2,0,0,0,ham
37,9,9,2,0,0,0,ham
34,6,6,1,0,0,0,ham
69,16,16,1,0,0,1,ham
73,13,13,2,0,0,0,ham
67,13,13,3,0,0,0,ham
53,11,11,2,0,0,0,ham
46,11,11,1,0,0,0,ham
21,5,5,1,0,0,0,ham
34,8,8,1,0,0,0,ham
84,17,16,1,0,0,0,ham
39,8,8,2,0,0,0,ham
157,27,25,13,1,2,13,spam
50,12,11,2,0,0,4,ham
158,34,32,5,0,0,2,ham
42,8,8,2,0,0,0,ham
28,5,5,1,0,0,0,ham
248,44,41,4,0,0,9,ham
40,10,9,2,0,0,0,ham
45,10,10,2,0,0,0,ham
23,5,5,1,0,0,0,ham
30,5,5,10,2,1,5,spam
68,16,15,1,0,0,0,ham
55,10,10,2,0,0,0,ham
66,14,13,2,0,0,0,ham
19,2,2,1,0,0,0,ham
72,15,15,2,0,0,1,ham
100,18,15,2,0,0,0,ham
41,8,8,1,0,0,0,ham
156,29,26,6,1,0,24,spam
40,8,8,1,0,0,0,ham
89,19,18,1,0,0,1,ham
42,10,9,2,0,0,0,ham
144,27,23,2,0,0,0,ham
15,3,3,1,0,0,0,ham
63,11,11,3,0,0,0,ham
153,27,27,30,5,0,28,spam
154,32,27,6,0,0,2,ham
64,14,14,1,0,0,0,ham
3,1,1,1,0,0,0,ham
82,17,15,3,0,0,1,ham
35,7,7,1,0,0,0,ham
144,25,21,0,0,0,0,ham
191,40,40,3,0,0,3,ham
22,6,5,1,0,0,0,ham
43,11,10,2,0,0,0,ham
81,18,16,2,0,0,0,ham
146,29,28,105,24,0,1,ham
56,11,11,17,3,0,1,ham
24,6,6,3,0,0,0,ham
69,11,11,10,0,0,0,spam
55,12,12,0,0,0,0,ham
31,7,7,1,0,0,0,ham
140,28,16,4,0,0,1,ham
58,9,9,1,0,0,0,ham
25,5,5,1,0,0,0,ham
28,5,5,0,0,0,0,ham
114,24,24,8,1,0,0,spam
71,16,16,3,0,0,0,ham
74,14,14,1,0,0,0,ham
137,23,23,21,2,0,21,spam
48,9,9,1,0,0,0,ham
25,7,7,2,0,0,1,ham
49,7,7,0,0,0,19,spam
83,19,18,1,0,0,0,ham
44,8,8,3,0,0,0,ham
52,13,12,3,0,0,0,ham
121,27,23,4,0,0,1,ham
8,2,2,1,0,0,0,ham
25,6,6,3,1,0,0,ham
35,8,8,2,0,0,0,ham
9,2,2,1,0,0,0,ham
127,20,20,2,0,0,0,ham
153,30,26,6,1,0,0,ham
30,7,7,23,6,0,0,ham
142,24,22,1,0,0,0,ham
60,12,12,1,0,0,0,ham
54,13,13,1,0,0,0,ham
23,5,5,1,0,0,0,ham
157,28,28,23,2,0,18,spam
26,6,6,1,0,0,0,ham
27,5,5,1,0,0,0,ham
30,7,7,1,0,0,0,ham
71,16,16,1,0,0,0,ham
97,22,22,3,0,0,4,ham
155,32,28,5,0,0,2,ham
39,8,8,1,0,0,0,ham
146,33,26,18,0,0,4,spam
134,27,20,3,0,0,0,ham
46,11,11,2,0,0,0,ham
43,8,8,2,0,0,0,ham
59,15,15,2,0,0,0,ham
69,14,14,5,1,0,0,ham
31,6,6,2,0,0,0,ham
64,10,10,1,0,1,0,ham
175,32,30,24,3,1,13,spam
37,7,7,1,0,0,0,ham
133,28,26,2,0,0,0,ham
48,11,10,3,0,0,0,ham
48,9,9,0,0,0,0,ham
62,12,12,2,0,0,0,ham
103,22,22,0,0,0,0,ham
28,5,5,1,0,0,0,ham
73,14,13,1,0,0,0,ham
156,27,24,32,3,0,23,spam
138,26,25,34,7,0,10,spam
38,8,8,1,0,0,0,ham
47,10,10,3,0,0,0,ham
66,11,10,1,0,0,0,ham
53,9,9,2,0,0,0,ham
47,9,9,1,0,0,1,ham
72,14,14,2,0,1,0,ham
76,17,17,2,0,0,1,ham
27,6,6,1,0,0,0,ham
11,3,3,1,0,0,0,ham
32,8,8,1,0,0,0,ham
159,28,27,22,2,0,18,spam
281,55,42,16,2,0,0,ham
133,31,23,9,1,0,14,spam
45,8,8,4,1,0,0,ham
25,4,4,2,0,0,0,ham
36,7,7,27,7,0,0,ham
28,6,6,1,0,0,0,ham
157,33,24,7,0,0,0,ham
136,26,15,6,0,0,0,ham
157,28,27,22,2,0,18,spam
24,6,6,1,0,0,0,ham
111,22,21,4,0,0,0,ham
269,53,43,8,0,0,2,ham
125,30,27,3,0,0,4,ham
158,37,31,16,2,0,3,ham
32,6,6,2,0,0,0,ham
163,34,27,47,11,0,0,ham
47,11,11,2,0,0,0,ham
155,30,26,10,1,0,0,spam
61,14,13,1,0,0,0,ham
50,11,11,1,0,0,0,ham
149,23,21,23,2,0,0,spam
146,28,25,2,0,0,20,spam
25,6,6,1,0,0,0,ham
29,6,6,1,0,0,0,ham
35,7,7,1,0,0,0,ham
36,10,10,0,0,0,2,ham
71,16,16,2,0,0,0,ham
77,16,16,3,0,0,1,ham
34,7,7,2,0,0,0,ham
55,13,13,2,0,0,0,ham
34,6,6,1,0,0,0,ham
138,29,25,24,6,0,13,spam
22,5,5,1,0,0,0,ham
116,25,22,3,0,0,0,ham
35,7,7,2,0,0,0,ham
26,7,7,1,0,0,0,ham
159,34,33,17,3,0,8,spam
82,18,16,1,0,0,0,ham
38,9,9,1,0,0,0,ham
51,11,11,2,0,0,0,ham
106,22,21,3,0,0,1,ham
39,9,9,2,0,0,0,ham
180,33,23,30,1,0,0,ham
89,18,17,1,0,0,0,ham
42,9,9,1,0,0,0,ham
32,5,4,1,0,0,0,ham
121,26,25,3,0,0,2,ham
295,56,46,8,1,0,0,ham
27,7,7,1,0,0,0,ham
70,15,15,2,0,0,0,ham
30,5,5,0,0,0,0,ham
39,8,8,1,0,0,1,ham
133,28,24,2,0,0,0,ham
147,29,27,11,1,0,10,spam
86,17,16,3,0,0,0,ham
31,6,6,2,0,0,0,ham
72,15,15,2,0,0,0,ham
32,8,7,1,0,0,0,ham
149,28,28,22,2,0,22,spam
49,8,8,2,0,0,0,ham
51,10,10,2,0,0,0,ham
55,12,12,2,0,0,0,ham
164,29,27,7,0,1,19,spam
40,8,8,1,0,0,0,ham
97,23,22,1,0,0,2,ham
46,10,10,1,0,0,0,ham
161,30,28,22,1,0,18,spam
124,19,17,3,0,0,0,ham
74,15,13,2,0,0,0,ham
27,7,7,1,0,0,0,ham
110,23,20,4,0,0,0,ham
22,6,6,2,0,0,1,ham
31,5,5,1,0,0,0,ham
93,18,17,6,0,0,0,ham
155,34,31,14,2,1,18,spam
122,26,23,10,2,0,23,spam
46,8,8,1,0,0,0,ham
27,6,5,1,0,0,0,ham
107,22,19,4,0,0,1,ham
33,6,6,10,1,0,11,spam
126,27,25,12,1,0,11,spam
35,7,7,2,0,0,0,ham
46,10,10,1,0,0,0,ham
72,13,13,1,0,0,0,ham
32,8,8,1,0,0,0,ham
126,23,23,15,2,0,20,spam
137,29,26,2,0,1,0,spam
57,11,11,1,0,0,0,ham
58,13,11,2,0,0,0,ham
22,5,5,2,0,0,0,ham
22,5,5,1,0,0,0,ham
66,15,14,2,0,0,0,ham
155,29,26,26,5,0,12,spam
169,40,32,22,3,0,2,ham
85,16,15,2,0,0,0,ham
148,37,34,7,0,0,4,spam
30,7,7,1,0,0,0,ham
152,31,28,7,1,0,37,spam
25,5,5,1,0,0,0,ham
143,31,29,14,3,1,14,spam
43,10,10,3,0,0,0,ham
32,7,7,1,0,0,0,ham
96,21,20,3,0,0,1,ham
23,4,4,1,0,0,0,ham
41,7,7,1,0,0,1,ham
40,8,8,11,2,0,0,spam
129,28,28,5,0,1,2,ham
14,4,4,0,0,0,0,ham
23,5,5,2,0,0,0,ham
56,10,10,1,0,0,0,ham
37,7,7,2,0,0,0,ham
57,13,13,2,0,0,0,ham
127,26,22,4,0,0,0,ham
43,9,9,2,0,0,0,ham
31,6,6,2,0,0,0,ham
71,17,16,1,0,0,0,ham
59,11,11,4,1,0,0,ham
26,5,5,2,0,0,1,ham
90,16,16,3,0,0,0,ham
156,29,27,31,3,0,22,spam
42,8,8,1,0,0,0,ham
101,22,21,2,0,0,0,ham
86,13,13,11,1,0,11,spam
55,11,11,2,0,0,0,ham
110,23,20,3,0,0,0,ham
84,15,14,15,2,0,0,ham
70,18,16,3,0,1,0,ham
156,31,28,3,0,0,0,ham
38,9,9,2,0,0,0,ham
32,8,7,1,0,0,0,ham
80,14,13,1,0,0,0,ham
96,20,19,4,0,0,1,ham
130,29,23,2,0,0,0,spam
131,26,25,5,0,0,0,ham
40,9,9,2,0,1,0,ham
166,33,31,3,0,0,0,ham
62,13,12,2,0,1,0,ham
44,10,10,2,0,0,0,ham
48,9,8,2,0,0,0,ham
134,29,23,6,0,0,0,ham
71,17,16,3,0,0,0,ham
49,11,10,3,0,0,0,ham
88,20,18,2,0,0,1,ham
84,16,16,2,0,0,0,ham
84,19,18,4,1,0,0,spam
46,8,8,1,0,0,0,ham
142,29,28,6,1,0,10,spam
149,27,24,3,0,0,1,ham
31,7,7,1,0,0,0,ham
75,16,16,2,0,0,1,ham
119,26,24,15,2,0,0,ham
97,18,18,8,1,0,0,ham
51,10,9,2,0,0,0,ham
25,5,5,2,0,0,0,ham
174,35,31,4,0,0,0,ham
33,7,7,1,0,0,0,ham
24,6,6,2,0,0,0,ham
103,21,20,3,0,0,1,ham
56,12,12,2,0,0,3,ham
35,6,6,1,0,0,0,ham
45,10,10,35,10,0,0,ham
159,28,27,21,2,0,22,spam
146,28,26,19,2,0,8,spam
29,7,7,0,0,0,2,ham
136,26,24,17,4,0,14,spam
45,8,8,2,0,0,0,ham
32,7,7,2,0,0,0,ham
90,16,15,3,0,0,0,ham
16,4,4,1,0,0,0,ham
26,5,5,2,0,0,0,ham
51,9,9,2,0,0,0,ham
102,18,18,3,0,0,0,ham
91,18,17,2,0,0,2,ham
25,7,7,3,0,0,0,ham
30,7,7,1,0,0,0,ham
87,13,13,3,0,0,0,ham
88,19,17,4,0,0,0,ham
85,16,16,1,0,0,0,ham
156,31,28,3,0,0,0,ham
95,17,17,1,0,0,0,ham
152,34,32,12,2,0,2,spam
4,1,1,1,0,0,0,ham
67,14,11,2,0,0,0,ham
41,11,11,31,9,0,0,ham
124,26,26,5,0,0,3,ham
80,17,16,2,0,0,1,ham
154,35,29,11,0,0,0,ham
25,5,5,1,0,0,0,ham
32,8,8,2,0,0,0,ham
